Record_Time,Year,Gender,Difficulty_Falling_Asleep,Sleep_Hours_Total,Waking_Up_During_Night,Overall_Sleep_Quality,Sleep_Impact_on_Concentration,Daytime_Fatigue,Sleep_Impact_on_Attendance,Sleep_Impact_on_Deadlines,Phone_Usage_Before_Sleep,Caffeine_Intake,Exercise_Frequency,Academic_Stress_Level,GPA_Rating
2024-10-24 16:51:15.0000000,Graduate student,Male,Often (5-6 times a week),7-8 hours,Often (5-6 times a week),Good,Sometimes,Often,Often (3-4 times a week),Moderate impact,Often (5-6 times a week),Rarely (1-2 times a week),Sometimes (3-4 times a week),High stress,Average
2024-10-24 16:51:51.0000000,Third year,Male,Often (5-6 times a week),7-8 hours,Often (5-6 times a week),Good,Often,Sometimes,Sometimes (1-2 times a week),Major impact,Sometimes (3-4 times a week),Sometimes (3-4 times a week),Sometimes (3-4 times a week),Low stress,Good
2024-10-24 16:52:21.0000000,First year,Female,Sometimes (3-4 times a week),7-8 hours,Sometimes (3-4 times a week),Good,Often,Often,Sometimes (1-2 times a week),Major impact,Often (5-6 times a week),Often (5-6 times a week),Often (5-6 times a week),High stress,Below Average
2024-10-24 16:53:00.0000000,Third year,Male,Often (5-6 times a week),More than 8 hours,Sometimes (3-4 times a week),Poor,Often,Often,Rarely (1-2 times a month),Minor impact,Sometimes (3-4 times a week),Sometimes (3-4 times a week),Every day,Extremely high stress,Excellent
2024-10-24 16:53:25.0000000,Graduate student,Male,Often (5-6 times a week),7-8 hours,Often (5-6 times a week),Very good,Always,Sometimes,Sometimes (1-2 times a week),Moderate impact,Sometimes (3-4 times a week),Sometimes (3-4 times a week),Often (5-6 times a week),Low stress,Average
2024-10-24 16:53:53.0000000,Second year,Male,Often (5-6 times a week),7-8 hours,Often (5-6 times a week),Very good,Sometimes,Rarely,Sometimes (1-2 times a week),Minor impact,Sometimes (3-4 times a week),Often (5-6 times a week),Rarely (1-2 times a week),High stress,Below Average
2024-10-24 16:54:24.0000000,Third year,Male,Sometimes (3-4 times a week),7-8 hours,Often (5-6 times a week),Good,Sometimes,Often,Sometimes (1-2 times a week),Minor impact,Rarely (1-2 times a week),Rarely (1-2 times a week),Never,No stress,Good
2024-10-24 16:54:50.0000000,Third year,Male,Often (5-6 times a week),More than 8 hours,Every night,Good,Always,Sometimes,Often (3-4 times a week),Moderate impact,Often (5-6 times a week),Rarely (1-2 times a week),Rarely (1-2 times a week),Low stress,Good
2024-10-24 16:55:18.0000000,Third year,Male,Often (5-6 times a week),More than 8 hours,Often (5-6 times a week),Average,Sometimes,Rarely,Rarely (1-2 times a month),Moderate impact,Rarely (1-2 times a week),Rarely (1-2 times a week),Sometimes (3-4 times a week),Extremely high stress,Average
2024-10-24 16:56:33.0000000,Third year,Male,Every night,More than 8 hours,Every night,Very good,Always,Always,Always,Moderate impact,Often (5-6 times a week),Sometimes (3-4 times a week),Often (5-6 times a week),High stress,Poor
2024-10-24 16:57:04.0000000,Second year,Female,Often (5-6 times a week),7-8 hours,Every night,Poor,Often,Sometimes,Always,Major impact,Sometimes (3-4 times a week),Often (5-6 times a week),Sometimes (3-4 times a week),High stress,Average
2024-10-24 16:58:21.0000000,Third year,Male,Often (5-6 times a week),More than 8 hours,Often (5-6 times a week),Good,Often,Sometimes,Always,Major impact,Sometimes (3-4 times a week),Every day,Sometimes (3-4 times a week),High stress,Average
2024-10-24 16:58:40.0000000,Second year,Male,Often (5-6 times a week),7-8 hours,Often (5-6 times a week),Poor,Rarely,Sometimes,Sometimes (1-2 times a week),Minor impact,Never,Rarely (1-2 times a week),Sometimes (3-4 times a week),Low stress,Average
2024-10-24 16:59:52.0000000,Second year,Female,Often (5-6 times a week),6-7 hours,Sometimes (3-4 times a week),Good,Often,Sometimes,Sometimes (1-2 times a week),Major impact,Sometimes (3-4 times a week),Often (5-6 times a week),Sometimes (3-4 times a week),High stress,Below Average
2024-10-24 17:00:21.0000000,Second year,Male,Sometimes (3-4 times a week),More than 8 hours,Often (5-6 times a week),Average,Always,Sometimes,Often (3-4 times a week),Moderate impact,Often (5-6 times a week),Rarely (1-2 times a week),Rarely (1-2 times a week),High stress,Good
2024-10-24 17:00:26.0000000,Graduate student,Male,Sometimes (3-4 times a week),4-5 hours,Sometimes (3-4 times a week),Good,Often,Often,Often (3-4 times a week),Major impact,Often (5-6 times a week),Often (5-6 times a week),Often (5-6 times a week),High stress,Poor
2024-10-24 17:00:50.0000000,First year,Male,Often (5-6 times a week),More than 8 hours,Sometimes (3-4 times a week),Average,Rarely,Never,Sometimes (1-2 times a week),Moderate impact,Sometimes (3-4 times a week),Rarely (1-2 times a week),Often (5-6 times a week),Low stress,Good
2024-10-24 17:01:57.0000000,Third year,Male,Often (5-6 times a week),7-8 hours,Every night,Average,Often,Sometimes,Often (3-4 times a week),Major impact,Often (5-6 times a week),Often (5-6 times a week),Often (5-6 times a week),High stress,Below Average
2024-10-24 17:02:23.0000000,Second year,Male,Sometimes (3-4 times a week),6-7 hours,Often (5-6 times a week),Good,Rarely,Sometimes,Sometimes (1-2 times a week),Moderate impact,Sometimes (3-4 times a week),Sometimes (3-4 times a week),Sometimes (3-4 times a week),High stress,Average
2024-10-24 17:03:24.0000000,Third year,Male,Every night,More than 8 hours,Every night,Good,Rarely,Sometimes,Rarely (1-2 times a month),Moderate impact,Sometimes (3-4 times a week),Sometimes (3-4 times a week),Sometimes (3-4 times a week),Low stress,Average
2024-10-24 17:03:46.0000000,First year,Male,Every night,7-8 hours,Rarely (1-2 times a week),Average,Sometimes,Rarely,Sometimes (1-2 times a week),Moderate impact,Rarely (1-2 times a week),Sometimes (3-4 times a week),Sometimes (3-4 times a week),High stress,Excellent
2024-10-24 17:04:15.0000000,Third year,Male,Often (5-6 times a week),7-8 hours,Often (5-6 times a week),Good,Often,Often,Rarely (1-2 times a month),Moderate impact,Often (5-6 times a week),Rarely (1-2 times a week),Sometimes (3-4 times a week),High stress,Below Average
2024-10-24 17:04:15.0000000,Graduate student,Male,Rarely (1-2 times a week),4-5 hours,Rarely (1-2 times a week),Average,Sometimes,Sometimes,Rarely (1-2 times a month),Minor impact,Rarely (1-2 times a week),Rarely (1-2 times a week),Rarely (1-2 times a week),Low stress,Average
2024-10-24 17:06:35.0000000,Second year,Male,Often (5-6 times a week),7-8 hours,Every night,Good,Often,Sometimes,Often (3-4 times a week),Moderate impact,Often (5-6 times a week),Often (5-6 times a week),Sometimes (3-4 times a week),Extremely high stress,Good
2024-10-24 17:07:01.0000000,First year,Male,Often (5-6 times a week),7-8 hours,Sometimes (3-4 times a week),Good,Never,Sometimes,Rarely (1-2 times a month),Moderate impact,Rarely (1-2 times a week),Often (5-6 times a week),Often (5-6 times a week),High stress,Good
2024-10-24 17:07:29.0000000,Second year,Male,Rarely (1-2 times a week),6-7 hours,Rarely (1-2 times a week),Poor,Often,Often,Sometimes (1-2 times a week),No impact,Rarely (1-2 times a week),Rarely (1-2 times a week),Rarely (1-2 times a week),Low stress,Excellent
2024-10-24 17:08:29.0000000,Graduate student,Male,Every night,More than 8 hours,Often (5-6 times a week),Very good,Often,Sometimes,Sometimes (1-2 times a week),Major impact,Sometimes (3-4 times a week),Every day,Often (5-6 times a week),High stress,Average
2024-10-24 17:08:59.0000000,Second year,Female,Often (5-6 times a week),More than 8 hours,Often (5-6 times a week),Good,Sometimes,Often,Often (3-4 times a week),Minor impact,Often (5-6 times a week),Rarely (1-2 times a week),Often (5-6 times a week),High stress,Below Average
2024-10-24 17:10:05.0000000,Third year,Male,Sometimes (3-4 times a week),7-8 hours,Sometimes (3-4 times a week),Good,Sometimes,Often,Often (3-4 times a week),Moderate impact,Often (5-6 times a week),Sometimes (3-4 times a week),Sometimes (3-4 times a week),High stress,Average
2024-10-24 17:12:15.0000000,Second year,Female,Often (5-6 times a week),7-8 hours,Every night,Average,Often,Rarely,Often (3-4 times a week),Moderate impact,Sometimes (3-4 times a week),Often (5-6 times a week),Sometimes (3-4 times a week),High stress,Good
2024-10-24 17:12:40.0000000,Second year,Female,Sometimes (3-4 times a week),7-8 hours,Often (5-6 times a week),Good,Often,Sometimes,Often (3-4 times a week),Major impact,Rarely (1-2 times a week),Often (5-6 times a week),Often (5-6 times a week),Low stress,Average
2024-10-24 17:14:18.0000000,Third year,Male,Often (5-6 times a week),7-8 hours,Often (5-6 times a week),Good,Sometimes,Rarely,Sometimes (1-2 times a week),Moderate impact,Sometimes (3-4 times a week),Often (5-6 times a week),Sometimes (3-4 times a week),High stress,Below Average
2024-10-24 17:15:03.0000000,Third year,Male,Often (5-6 times a week),7-8 hours,Sometimes (3-4 times a week),Average,Often,Sometimes,Sometimes (1-2 times a week),Minor impact,Often (5-6 times a week),Sometimes (3-4 times a week),Often (5-6 times a week),Low stress,Average
2024-10-24 17:15:43.0000000,Third year,Female,Often (5-6 times a week),7-8 hours,Sometimes (3-4 times a week),Average,Sometimes,Always,Often (3-4 times a week),Moderate impact,Often (5-6 times a week),Rarely (1-2 times a week),Often (5-6 times a week),Low stress,Good
2024-10-24 17:16:11.0000000,Second year,Male,Often (5-6 times a week),6-7 hours,Often (5-6 times a week),Poor,Often,Sometimes,Often (3-4 times a week),Moderate impact,Often (5-6 times a week),Often (5-6 times a week),Sometimes (3-4 times a week),High stress,Average
2024-10-24 17:16:38.0000000,Third year,Male,Sometimes (3-4 times a week),7-8 hours,Sometimes (3-4 times a week),Average,Sometimes,Often,Often (3-4 times a week),Moderate impact,Often (5-6 times a week),Often (5-6 times a week),Often (5-6 times a week),Low stress,Good
2024-10-24 17:17:19.0000000,Third year,Male,Every night,More than 8 hours,Often (5-6 times a week),Good,Often,Rarely,Sometimes (1-2 times a week),Moderate impact,Every night,Sometimes (3-4 times a week),Often (5-6 times a week),High stress,Poor
2024-10-24 17:17:51.0000000,Graduate student,Female,Every night,7-8 hours,Often (5-6 times a week),Good,Often,Always,Often (3-4 times a week),Major impact,Often (5-6 times a week),Often (5-6 times a week),Often (5-6 times a week),High stress,Below Average
2024-10-24 17:18:37.0000000,Second year,Female,Often (5-6 times a week),7-8 hours,Often (5-6 times a week),Good,Sometimes,Often,Sometimes (1-2 times a week),Moderate impact,Often (5-6 times a week),Sometimes (3-4 times a week),Often (5-6 times a week),High stress,Average
2024-10-24 17:20:16.0000000,Third year,Male,Often (5-6 times a week),6-7 hours,Sometimes (3-4 times a week),Average,Often,Often,Often (3-4 times a week),Major impact,Often (5-6 times a week),Often (5-6 times a week),Sometimes (3-4 times a week),Extremely high stress,Average
2024-10-24 17:20:38.0000000,Third year,Female,Often (5-6 times a week),7-8 hours,Sometimes (3-4 times a week),Average,Sometimes,Often,Rarely (1-2 times a month),Major impact,Sometimes (3-4 times a week),Sometimes (3-4 times a week),Sometimes (3-4 times a week),Low stress,Average
2024-10-24 17:21:01.0000000,Third year,Male,Every night,More than 8 hours,Every night,Average,Often,Sometimes,Often (3-4 times a week),Minor impact,Often (5-6 times a week),Rarely (1-2 times a week),Often (5-6 times a week),High stress,Average
2024-10-24 17:21:24.0000000,Third year,Female,Often (5-6 times a week),4-5 hours,Often (5-6 times a week),Average,Sometimes,Sometimes,Often (3-4 times a week),Moderate impact,Often (5-6 times a week),Often (5-6 times a week),Every day,Low stress,Average
2024-10-24 17:27:58.0000000,Third year,Male,Often (5-6 times a week),More than 8 hours,Often (5-6 times a week),Very good,Often,Often,Sometimes (1-2 times a week),Major impact,Often (5-6 times a week),Sometimes (3-4 times a week),Sometimes (3-4 times a week),Extremely high stress,Below Average
2024-10-24 17:29:00.0000000,Third year,Male,Often (5-6 times a week),7-8 hours,Often (5-6 times a week),Good,Often,Sometimes,Often (3-4 times a week),Major impact,Often (5-6 times a week),Sometimes (3-4 times a week),Sometimes (3-4 times a week),Extremely high stress,Poor
2024-10-24 17:30:27.0000000,Third year,Female,Often (5-6 times a week),7-8 hours,Every night,Good,Often,Rarely,Always,Moderate impact,Often (5-6 times a week),Sometimes (3-4 times a week),Often (5-6 times a week),High stress,Below Average
2024-10-24 17:31:18.0000000,Third year,Female,Every night,More than 8 hours,Often (5-6 times a week),Good,Sometimes,Often,Sometimes (1-2 times a week),Major impact,Often (5-6 times a week),Often (5-6 times a week),Sometimes (3-4 times a week),High stress,Average
2024-10-24 17:31:43.0000000,Third year,Male,Every night,More than 8 hours,Every night,Poor,Sometimes,Sometimes,Always,Major impact,Sometimes (3-4 times a week),Often (5-6 times a week),Sometimes (3-4 times a week),High stress,Average
2024-10-24 17:32:11.0000000,Second year,Male,Often (5-6 times a week),More than 8 hours,Often (5-6 times a week),Good,Sometimes,Sometimes,Often (3-4 times a week),Major impact,Often (5-6 times a week),Often (5-6 times a week),Often (5-6 times a week),Low stress,Below Average
2024-10-24 17:32:36.0000000,Third year,Female,Often (5-6 times a week),7-8 hours,Sometimes (3-4 times a week),Good,Often,Rarely,Often (3-4 times a week),Major impact,Often (5-6 times a week),Sometimes (3-4 times a week),Often (5-6 times a week),High stress,Average
2024-10-24 17:36:59.0000000,Third year,Female,Often (5-6 times a week),7-8 hours,Every night,Very good,Often,Always,Sometimes (1-2 times a week),Moderate impact,Rarely (1-2 times a week),Rarely (1-2 times a week),Often (5-6 times a week),Low stress,Average
2024-10-24 17:37:27.0000000,Third year,Female,Often (5-6 times a week),7-8 hours,Often (5-6 times a week),Very poor,Sometimes,Often,Often (3-4 times a week),Moderate impact,Often (5-6 times a week),Often (5-6 times a week),Often (5-6 times a week),Extremely high stress,Below Average
2024-10-24 17:38:22.0000000,Third year,Female,Sometimes (3-4 times a week),7-8 hours,Often (5-6 times a week),Good,Often,Sometimes,Sometimes (1-2 times a week),Moderate impact,Often (5-6 times a week),Often (5-6 times a week),Every day,Extremely high stress,Below Average
2024-10-24 17:42:05.0000000,Third year,Female,Sometimes (3-4 times a week),Less than 4 hours,Every night,Very good,Always,Often,Often (3-4 times a week),Major impact,Often (5-6 times a week),Every day,Every day,Extremely high stress,Poor
2024-10-24 17:44:40.0000000,Second year,Female,Every night,More than 8 hours,Often (5-6 times a week),Average,Often,Often,Sometimes (1-2 times a week),Moderate impact,Often (5-6 times a week),Sometimes (3-4 times a week),Often (5-6 times a week),Low stress,Poor
2024-10-24 17:45:17.0000000,Third year,Male,Often (5-6 times a week),7-8 hours,Sometimes (3-4 times a week),Good,Often,Often,Often (3-4 times a week),Moderate impact,Often (5-6 times a week),Often (5-6 times a week),Sometimes (3-4 times a week),Extremely high stress,Poor
2024-10-24 17:45:42.0000000,Third year,Male,Sometimes (3-4 times a week),7-8 hours,Often (5-6 times a week),Average,Often,Often,Sometimes (1-2 times a week),Severe impact,Sometimes (3-4 times a week),Often (5-6 times a week),Often (5-6 times a week),Extremely high stress,Poor
2024-10-24 17:50:09.0000000,Third year,Male,Often (5-6 times a week),7-8 hours,Often (5-6 times a week),Average,Often,Often,Often (3-4 times a week),Moderate impact,Sometimes (3-4 times a week),Sometimes (3-4 times a week),Sometimes (3-4 times a week),Low stress,Poor
2024-10-24 17:50:35.0000000,Third year,Female,Every night,More than 8 hours,Every night,Average,Often,Often,Always,Major impact,Every night,Sometimes (3-4 times a week),Often (5-6 times a week),Low stress,Poor
2024-10-24 17:50:59.0000000,Second year,Male,Often (5-6 times a week),7-8 hours,Sometimes (3-4 times a week),Average,Often,Sometimes,Often (3-4 times a week),Major impact,Sometimes (3-4 times a week),Often (5-6 times a week),Sometimes (3-4 times a week),High stress,Poor
2024-10-24 17:53:05.0000000,Third year,Male,Often (5-6 times a week),More than 8 hours,Often (5-6 times a week),Good,Sometimes,Sometimes,Often (3-4 times a week),Major impact,Often (5-6 times a week),Often (5-6 times a week),Often (5-6 times a week),High stress,Poor
2024-10-24 17:53:28.0000000,Third year,Female,Often (5-6 times a week),7-8 hours,Often (5-6 times a week),Average,Often,Often,Sometimes (1-2 times a week),Major impact,Sometimes (3-4 times a week),Often (5-6 times a week),Often (5-6 times a week),High stress,Poor
2024-10-24 17:53:55.0000000,Graduate student,Female,Every night,7-8 hours,Often (5-6 times a week),Good,Often,Always,Often (3-4 times a week),Moderate impact,Every night,Every day,Every day,High stress,Poor
2024-10-24 17:57:22.0000000,Third year,Female,Often (5-6 times a week),More than 8 hours,Every night,Very good,Always,Often,Often (3-4 times a week),Moderate impact,Sometimes (3-4 times a week),Often (5-6 times a week),Often (5-6 times a week),High stress,Poor
2024-10-24 17:57:48.0000000,Second year,Female,Often (5-6 times a week),7-8 hours,Every night,Poor,Rarely,Sometimes,Rarely (1-2 times a month),Moderate impact,Sometimes (3-4 times a week),Sometimes (3-4 times a week),Sometimes (3-4 times a week),High stress,Poor
2024-10-24 18:02:23.0000000,Third year,Male,Sometimes (3-4 times a week),7-8 hours,Rarely (1-2 times a week),Poor,Rarely,Rarely,Rarely (1-2 times a month),Minor impact,Rarely (1-2 times a week),Rarely (1-2 times a week),Rarely (1-2 times a week),Low stress,Poor
2024-10-24 18:02:48.0000000,Second year,Male,Every night,7-8 hours,Often (5-6 times a week),Good,Rarely,Rarely,Rarely (1-2 times a month),Moderate impact,Sometimes (3-4 times a week),Rarely (1-2 times a week),Rarely (1-2 times a week),High stress,Poor
2024-10-24 18:03:13.0000000,Graduate student,Male,Often (5-6 times a week),7-8 hours,Often (5-6 times a week),Poor,Sometimes,Sometimes,Rarely (1-2 times a month),Moderate impact,Sometimes (3-4 times a week),Sometimes (3-4 times a week),Sometimes (3-4 times a week),High stress,Poor
2024-10-24 18:03:45.0000000,Second year,Male,Often (5-6 times a week),7-8 hours,Every night,Very good,Sometimes,Often,Sometimes (1-2 times a week),Major impact,Sometimes (3-4 times a week),Sometimes (3-4 times a week),Often (5-6 times a week),High stress,Poor
2024-10-24 18:04:13.0000000,Third year,Male,Often (5-6 times a week),7-8 hours,Often (5-6 times a week),Good,Sometimes,Sometimes,Often (3-4 times a week),Major impact,Often (5-6 times a week),Often (5-6 times a week),Often (5-6 times a week),High stress,Poor
2024-10-24 18:05:24.0000000,Graduate student,Male,Every night,More than 8 hours,Every night,Very good,Sometimes,Always,Sometimes (1-2 times a week),Major impact,Sometimes (3-4 times a week),Often (5-6 times a week),Sometimes (3-4 times a week),High stress,Poor
2024-10-24 18:06:00.0000000,Graduate student,Male,Sometimes (3-4 times a week),7-8 hours,Often (5-6 times a week),Average,Sometimes,Often,Often (3-4 times a week),Major impact,Often (5-6 times a week),Often (5-6 times a week),Often (5-6 times a week),High stress,Poor
2024-10-24 18:11:45.0000000,Graduate student,Male,Every night,7-8 hours,Every night,Good,Always,Often,Often (3-4 times a week),Moderate impact,Often (5-6 times a week),Often (5-6 times a week),Often (5-6 times a week),Low stress,Poor
2024-10-24 18:12:27.0000000,Third year,Male,Often (5-6 times a week),7-8 hours,Every night,Very good,Rarely,Sometimes,Often (3-4 times a week),Moderate impact,Often (5-6 times a week),Often (5-6 times a week),Often (5-6 times a week),High stress,Poor
2024-10-24 18:12:45.0000000,Third year,Male,Never,4-5 hours,Sometimes (3-4 times a week),Good,Often,Sometimes,Rarely (1-2 times a month),Major impact,Rarely (1-2 times a week),Sometimes (3-4 times a week),Often (5-6 times a week),High stress,Poor
2024-10-24 18:13:32.0000000,Third year,Female,Sometimes (3-4 times a week),6-7 hours,Often (5-6 times a week),Good,Rarely,Sometimes,Sometimes (1-2 times a week),Minor impact,Sometimes (3-4 times a week),Sometimes (3-4 times a week),Often (5-6 times a week),High stress,Below Average
2024-10-24 18:17:08.0000000,Graduate student,Male,Every night,7-8 hours,Rarely (1-2 times a week),Very good,Sometimes,Often,Often (3-4 times a week),Minor impact,Rarely (1-2 times a week),Sometimes (3-4 times a week),Often (5-6 times a week),High stress,Poor
2024-10-24 18:17:57.0000000,Second year,Male,Often (5-6 times a week),More than 8 hours,Every night,Average,Rarely,Sometimes,Rarely (1-2 times a month),Minor impact,Often (5-6 times a week),Sometimes (3-4 times a week),Sometimes (3-4 times a week),Low stress,Poor
2024-10-24 18:18:17.0000000,Graduate student,Female,Every night,7-8 hours,Every night,Very good,Often,Often,Often (3-4 times a week),Severe impact,Often (5-6 times a week),Often (5-6 times a week),Often (5-6 times a week),High stress,Below Average
2024-10-24 18:18:41.0000000,Third year,Female,Every night,7-8 hours,Often (5-6 times a week),Good,Often,Often,Often (3-4 times a week),Major impact,Often (5-6 times a week),Often (5-6 times a week),Often (5-6 times a week),Low stress,Below Average
2024-10-24 18:19:06.0000000,Graduate student,Male,Sometimes (3-4 times a week),7-8 hours,Every night,Very good,Always,Often,Sometimes (1-2 times a week),Major impact,Sometimes (3-4 times a week),Sometimes (3-4 times a week),Sometimes (3-4 times a week),Low stress,Below Average
2024-10-24 18:19:23.0000000,Graduate student,Male,Often (5-6 times a week),7-8 hours,Often (5-6 times a week),Average,Sometimes,Often,Often (3-4 times a week),Major impact,Rarely (1-2 times a week),Often (5-6 times a week),Sometimes (3-4 times a week),High stress,Below Average
2024-10-24 18:19:58.0000000,First year,Male,Often (5-6 times a week),7-8 hours,Often (5-6 times a week),Good,Rarely,Rarely,Never,Severe impact,Often (5-6 times a week),Sometimes (3-4 times a week),Every day,High stress,Below Average
2024-10-24 18:20:21.0000000,Graduate student,Female,Often (5-6 times a week),7-8 hours,Every night,Good,Often,Always,Often (3-4 times a week),Minor impact,Rarely (1-2 times a week),Sometimes (3-4 times a week),Sometimes (3-4 times a week),Low stress,Below Average
2024-10-24 18:20:41.0000000,Graduate student,Male,Every night,6-7 hours,Often (5-6 times a week),Good,Often,Often,Always,Major impact,Sometimes (3-4 times a week),Often (5-6 times a week),Sometimes (3-4 times a week),No stress,Poor
2024-10-24 18:21:05.0000000,Graduate student,Male,Every night,6-7 hours,Often (5-6 times a week),Very good,Often,Always,Often (3-4 times a week),Major impact,Every night,Often (5-6 times a week),Sometimes (3-4 times a week),High stress,Below Average
2024-10-24 18:21:30.0000000,First year,Male,Often (5-6 times a week),7-8 hours,Often (5-6 times a week),Good,Always,Sometimes,Often (3-4 times a week),Minor impact,Often (5-6 times a week),Rarely (1-2 times a week),Often (5-6 times a week),High stress,Poor
2024-10-24 18:22:03.0000000,Third year,Female,Often (5-6 times a week),7-8 hours,Every night,Poor,Sometimes,Always,Often (3-4 times a week),Minor impact,Sometimes (3-4 times a week),Often (5-6 times a week),Never,High stress,Below Average
2024-10-24 18:22:22.0000000,First year,Female,Every night,More than 8 hours,Every night,Poor,Sometimes,Sometimes,Rarely (1-2 times a month),Minor impact,Rarely (1-2 times a week),Rarely (1-2 times a week),Rarely (1-2 times a week),No stress,Poor
2024-10-24 18:22:26.0000000,Third year,Female,Every night,7-8 hours,Often (5-6 times a week),Average,Sometimes,Often,Often (3-4 times a week),Severe impact,Often (5-6 times a week),Often (5-6 times a week),Rarely (1-2 times a week),High stress,Poor
2024-10-24 18:22:51.0000000,Third year,Female,Every night,7-8 hours,Often (5-6 times a week),Good,Sometimes,Always,Often (3-4 times a week),Moderate impact,Often (5-6 times a week),Sometimes (3-4 times a week),Often (5-6 times a week),High stress,Below Average
2024-10-24 18:23:09.0000000,Third year,Male,Every night,7-8 hours,Often (5-6 times a week),Average,Often,Often,Sometimes (1-2 times a week),Major impact,Often (5-6 times a week),Sometimes (3-4 times a week),Every day,High stress,Below Average
2024-10-24 18:23:51.0000000,Third year,Female,Often (5-6 times a week),6-7 hours,Sometimes (3-4 times a week),Good,Sometimes,Often,Always,Moderate impact,Often (5-6 times a week),Often (5-6 times a week),Often (5-6 times a week),Low stress,Average
2024-10-24 18:24:47.0000000,Graduate student,Female,Often (5-6 times a week),6-7 hours,Often (5-6 times a week),Good,Sometimes,Often,Rarely (1-2 times a month),Major impact,Often (5-6 times a week),Often (5-6 times a week),Every day,High stress,Poor
2024-10-24 18:25:43.0000000,Graduate student,Female,Every night,More than 8 hours,Often (5-6 times a week),Good,Often,Sometimes,Always,Moderate impact,Often (5-6 times a week),Often (5-6 times a week),Often (5-6 times a week),High stress,Below Average
2024-10-24 18:26:17.0000000,Third year,Male,Often (5-6 times a week),More than 8 hours,Every night,Very good,Often,Always,Often (3-4 times a week),Moderate impact,Sometimes (3-4 times a week),Often (5-6 times a week),Often (5-6 times a week),Extremely high stress,Below Average
2024-10-24 18:26:44.0000000,Graduate student,Male,Often (5-6 times a week),7-8 hours,Every night,Very good,Often,Often,Always,Minor impact,Rarely (1-2 times a week),Rarely (1-2 times a week),Sometimes (3-4 times a week),No stress,Poor
2024-10-24 18:27:03.0000000,Third year,Male,Sometimes (3-4 times a week),7-8 hours,Every night,Average,Never,Rarely,Sometimes (1-2 times a week),Minor impact,Sometimes (3-4 times a week),Rarely (1-2 times a week),Rarely (1-2 times a week),High stress,Average
2024-10-24 18:27:21.0000000,Graduate student,Male,Rarely (1-2 times a week),More than 8 hours,Often (5-6 times a week),Very good,Rarely,Rarely,Rarely (1-2 times a month),Moderate impact,Sometimes (3-4 times a week),Sometimes (3-4 times a week),Often (5-6 times a week),High stress,Poor
2024-10-24 18:27:39.0000000,First year,Male,Often (5-6 times a week),7-8 hours,Every night,Very good,Rarely,Never,Sometimes (1-2 times a week),Minor impact,Often (5-6 times a week),Sometimes (3-4 times a week),Often (5-6 times a week),Extremely high stress,Below Average
2024-10-24 18:27:57.0000000,Third year,Female,Often (5-6 times a week),7-8 hours,Sometimes (3-4 times a week),Very good,Always,Sometimes,Sometimes (1-2 times a week),Moderate impact,Often (5-6 times a week),Often (5-6 times a week),Sometimes (3-4 times a week),High stress,Below Average
2024-10-24 18:28:30.0000000,Third year,Female,Sometimes (3-4 times a week),7-8 hours,Often (5-6 times a week),Very good,Always,Sometimes,Sometimes (1-2 times a week),Moderate impact,Often (5-6 times a week),Often (5-6 times a week),Sometimes (3-4 times a week),Low stress,Below Average
2024-10-24 18:28:49.0000000,Graduate student,Male,Rarely (1-2 times a week),7-8 hours,Every night,Very good,Sometimes,Often,Always,Major impact,Often (5-6 times a week),Often (5-6 times a week),Every day,Low stress,Poor
2024-10-24 18:29:15.0000000,Graduate student,Female,Rarely (1-2 times a week),7-8 hours,Sometimes (3-4 times a week),Good,Often,Often,Rarely (1-2 times a month),Major impact,Often (5-6 times a week),Rarely (1-2 times a week),Often (5-6 times a week),High stress,Below Average
2024-10-24 18:29:45.0000000,Third year,Male,Often (5-6 times a week),More than 8 hours,Often (5-6 times a week),Average,Often,Sometimes,Always,Major impact,Sometimes (3-4 times a week),Every day,Sometimes (3-4 times a week),High stress,Poor
2024-10-24 18:30:09.0000000,Graduate student,Male,Often (5-6 times a week),7-8 hours,Often (5-6 times a week),Average,Often,Often,Rarely (1-2 times a month),Minor impact,Rarely (1-2 times a week),Sometimes (3-4 times a week),Sometimes (3-4 times a week),High stress,Poor
2024-10-24 18:30:32.0000000,Third year,Male,Sometimes (3-4 times a week),6-7 hours,Often (5-6 times a week),Very good,Rarely,Sometimes,Sometimes (1-2 times a week),Minor impact,Sometimes (3-4 times a week),Sometimes (3-4 times a week),Sometimes (3-4 times a week),Low stress,Below Average
2024-10-24 18:30:53.0000000,Third year,Male,Sometimes (3-4 times a week),7-8 hours,Often (5-6 times a week),Very good,Sometimes,Often,Rarely (1-2 times a month),Major impact,Often (5-6 times a week),Sometimes (3-4 times a week),Often (5-6 times a week),High stress,Below Average
2024-10-24 18:31:12.0000000,Graduate student,Female,Sometimes (3-4 times a week),More than 8 hours,Every night,Poor,Rarely,Sometimes,Often (3-4 times a week),Moderate impact,Every night,Rarely (1-2 times a week),Rarely (1-2 times a week),Extremely high stress,Poor
2024-10-24 18:31:34.0000000,Third year,Female,Sometimes (3-4 times a week),7-8 hours,Every night,Very good,Often,Sometimes,Sometimes (1-2 times a week),Severe impact,Often (5-6 times a week),Often (5-6 times a week),Often (5-6 times a week),High stress,Below Average
2024-10-24 18:31:52.0000000,Graduate student,Female,Often (5-6 times a week),7-8 hours,Sometimes (3-4 times a week),Good,Always,Rarely,Rarely (1-2 times a month),Severe impact,Sometimes (3-4 times a week),Sometimes (3-4 times a week),Often (5-6 times a week),High stress,Poor
2024-10-24 18:32:46.0000000,Third year,Female,Rarely (1-2 times a week),More than 8 hours,Often (5-6 times a week),Very good,Often,Sometimes,Often (3-4 times a week),Severe impact,Often (5-6 times a week),Often (5-6 times a week),Often (5-6 times a week),No stress,Below Average
2024-10-25 14:36:26.0000000,Third year,Female,Often (5-6 times a week),7-8 hours,Every night,Very good,Often,Often,Always,Severe impact,Often (5-6 times a week),Often (5-6 times a week),Every day,High stress,Poor
2024-10-24 18:34:23.0000000,Graduate student,Female,Sometimes (3-4 times a week),More than 8 hours,Often (5-6 times a week),Average,Rarely,Rarely,Often (3-4 times a week),Moderate impact,Sometimes (3-4 times a week),Sometimes (3-4 times a week),Sometimes (3-4 times a week),High stress,Good
2024-10-24 18:34:47.0000000,Third year,Female,Often (5-6 times a week),More than 8 hours,Often (5-6 times a week),Average,Often,Often,Often (3-4 times a week),Minor impact,Sometimes (3-4 times a week),Every day,Sometimes (3-4 times a week),High stress,Poor
2024-10-24 19:29:15.0000000,Third year,Male,Every night,More than 8 hours,Every night,Very good,Sometimes,Often,Always,Moderate impact,Every night,Often (5-6 times a week),Often (5-6 times a week),High stress,Poor
2024-10-24 19:29:34.0000000,Third year,Female,Often (5-6 times a week),7-8 hours,Often (5-6 times a week),Very good,Always,Always,Always,Major impact,Often (5-6 times a week),Often (5-6 times a week),Often (5-6 times a week),Extremely high stress,Poor
2024-10-24 19:29:53.0000000,Graduate student,Male,Every night,7-8 hours,Every night,Very good,Often,Always,Always,Severe impact,Every night,Every day,Often (5-6 times a week),Extremely high stress,Poor
2024-10-24 19:30:35.0000000,Graduate student,Female,Every night,7-8 hours,Every night,Average,Always,Sometimes,Always,Major impact,Often (5-6 times a week),Every day,Often (5-6 times a week),Low stress,Poor
2024-10-24 19:30:52.0000000,Third year,Male,Often (5-6 times a week),7-8 hours,Every night,Average,Sometimes,Sometimes,Often (3-4 times a week),Major impact,Often (5-6 times a week),Often (5-6 times a week),Every day,Extremely high stress,Below Average
2024-10-24 19:31:12.0000000,Graduate student,Female,Every night,More than 8 hours,Often (5-6 times a week),Very good,Often,Always,Often (3-4 times a week),Major impact,Often (5-6 times a week),Every day,Often (5-6 times a week),Extremely high stress,Poor
2024-10-24 19:32:25.0000000,Third year,Female,Every night,More than 8 hours,Every night,Good,Always,Often,Sometimes (1-2 times a week),Major impact,Every night,Often (5-6 times a week),Often (5-6 times a week),High stress,Below Average
2024-10-24 19:33:02.0000000,Graduate student,Male,Every night,More than 8 hours,Every night,Good,Often,Sometimes,Always,Moderate impact,Often (5-6 times a week),Every day,Often (5-6 times a week),High stress,Below Average
2024-10-24 19:33:38.0000000,Graduate student,Male,Often (5-6 times a week),7-8 hours,Often (5-6 times a week),Good,Always,Often,Often (3-4 times a week),Moderate impact,Sometimes (3-4 times a week),Often (5-6 times a week),Often (5-6 times a week),High stress,Poor
2024-10-24 19:34:01.0000000,Third year,Male,Every night,7-8 hours,Often (5-6 times a week),Very good,Often,Often,Always,Major impact,Often (5-6 times a week),Often (5-6 times a week),Every day,Low stress,Poor
2024-10-24 19:34:44.0000000,Graduate student,Male,Often (5-6 times a week),More than 8 hours,Every night,Very good,Often,Often,Always,Severe impact,Sometimes (3-4 times a week),Sometimes (3-4 times a week),Often (5-6 times a week),No stress,Poor
2024-10-24 19:35:16.0000000,Third year,Female,Every night,7-8 hours,Every night,Very good,Sometimes,Sometimes,Often (3-4 times a week),Severe impact,Sometimes (3-4 times a week),Every day,Sometimes (3-4 times a week),High stress,Poor
2024-10-24 19:36:18.0000000,Graduate student,Female,Often (5-6 times a week),More than 8 hours,Every night,Good,Always,Always,Sometimes (1-2 times a week),Major impact,Sometimes (3-4 times a week),Often (5-6 times a week),Every day,High stress,Below Average
2024-10-24 19:36:37.0000000,Second year,Female,Every night,More than 8 hours,Every night,Good,Often,Always,Always,Minor impact,Often (5-6 times a week),Every day,Sometimes (3-4 times a week),High stress,Poor
2024-10-24 19:36:55.0000000,Second year,Female,Never,7-8 hours,Often (5-6 times a week),Good,Often,Often,Sometimes (1-2 times a week),Minor impact,Every night,Often (5-6 times a week),Sometimes (3-4 times a week),High stress,Poor
2024-10-24 19:37:16.0000000,Graduate student,Female,Often (5-6 times a week),More than 8 hours,Every night,Good,Always,Always,Always,Major impact,Often (5-6 times a week),Every day,Often (5-6 times a week),Extremely high stress,Poor
2024-10-24 19:38:52.0000000,Third year,Male,Every night,7-8 hours,Sometimes (3-4 times a week),Very good,Often,Always,Often (3-4 times a week),Moderate impact,Often (5-6 times a week),Often (5-6 times a week),Every day,High stress,Poor
2024-10-24 19:39:15.0000000,Third year,Male,Often (5-6 times a week),7-8 hours,Every night,Good,Often,Often,Always,Severe impact,Sometimes (3-4 times a week),Every day,Sometimes (3-4 times a week),Extremely high stress,Below Average
2024-10-24 19:39:38.0000000,Graduate student,Female,Often (5-6 times a week),More than 8 hours,Often (5-6 times a week),Good,Often,Always,Sometimes (1-2 times a week),Minor impact,Sometimes (3-4 times a week),Sometimes (3-4 times a week),Every day,Extremely high stress,Poor
2024-10-24 19:40:05.0000000,Graduate student,Male,Often (5-6 times a week),7-8 hours,Every night,Good,Sometimes,Sometimes,Often (3-4 times a week),Major impact,Every night,Often (5-6 times a week),Every day,Low stress,Below Average
2024-10-24 19:40:29.0000000,Third year,Female,Often (5-6 times a week),More than 8 hours,Often (5-6 times a week),Very good,Often,Always,Always,Major impact,Often (5-6 times a week),Often (5-6 times a week),Every day,Low stress,Poor
2024-10-24 19:41:29.0000000,Graduate student,Female,Sometimes (3-4 times a week),7-8 hours,Every night,Very good,Always,Always,Rarely (1-2 times a month),Major impact,Often (5-6 times a week),Every day,Every day,Extremely high stress,Poor
2024-10-24 19:41:52.0000000,Third year,Female,Every night,7-8 hours,Often (5-6 times a week),Good,Rarely,Sometimes,Often (3-4 times a week),Minor impact,Often (5-6 times a week),Often (5-6 times a week),Sometimes (3-4 times a week),High stress,Poor
2024-10-24 19:43:37.0000000,Second year,Male,Often (5-6 times a week),7-8 hours,Every night,Very good,Often,Often,Often (3-4 times a week),Major impact,Often (5-6 times a week),Sometimes (3-4 times a week),Every day,High stress,Below Average
2024-10-24 19:44:02.0000000,Graduate student,Female,Every night,More than 8 hours,Every night,Good,Sometimes,Sometimes,Sometimes (1-2 times a week),Major impact,Often (5-6 times a week),Rarely (1-2 times a week),Often (5-6 times a week),High stress,Below Average
2024-10-24 19:44:21.0000000,Graduate student,Male,Every night,7-8 hours,Often (5-6 times a week),Good,Sometimes,Often,Sometimes (1-2 times a week),Major impact,Every night,Every day,Every day,Low stress,Poor
2024-10-24 19:45:11.0000000,Third year,Female,Often (5-6 times a week),7-8 hours,Often (5-6 times a week),Average,Sometimes,Often,Often (3-4 times a week),Moderate impact,Rarely (1-2 times a week),Sometimes (3-4 times a week),Often (5-6 times a week),High stress,Below Average
2024-10-24 19:46:57.0000000,Graduate student,Female,Often (5-6 times a week),More than 8 hours,Sometimes (3-4 times a week),Very good,Sometimes,Sometimes,Sometimes (1-2 times a week),Moderate impact,Sometimes (3-4 times a week),Rarely (1-2 times a week),Often (5-6 times a week),Low stress,Below Average
2024-10-24 19:48:09.0000000,Third year,Male,Often (5-6 times a week),More than 8 hours,Often (5-6 times a week),Good,Often,Often,Often (3-4 times a week),Major impact,Often (5-6 times a week),Every day,Often (5-6 times a week),High stress,Below Average
2024-10-24 19:50:06.0000000,Third year,Male,Every night,7-8 hours,Every night,Good,Often,Often,Often (3-4 times a week),Moderate impact,Sometimes (3-4 times a week),Often (5-6 times a week),Sometimes (3-4 times a week),Low stress,Poor
2024-10-24 19:50:39.0000000,Third year,Female,Sometimes (3-4 times a week),7-8 hours,Often (5-6 times a week),Good,Often,Rarely,Often (3-4 times a week),Severe impact,Often (5-6 times a week),Often (5-6 times a week),Often (5-6 times a week),High stress,Below Average
2024-10-24 19:53:54.0000000,Graduate student,Male,Often (5-6 times a week),More than 8 hours,Every night,Very good,Often,Always,Always,Major impact,Often (5-6 times a week),Often (5-6 times a week),Every day,High stress,Average
2024-10-24 19:55:34.0000000,Third year,Male,Often (5-6 times a week),More than 8 hours,Often (5-6 times a week),Average,Often,Sometimes,Sometimes (1-2 times a week),Moderate impact,Rarely (1-2 times a week),Often (5-6 times a week),Sometimes (3-4 times a week),Low stress,Below Average
2024-10-24 19:56:15.0000000,Third year,Female,Often (5-6 times a week),7-8 hours,Sometimes (3-4 times a week),Good,Often,Often,Often (3-4 times a week),Moderate impact,Often (5-6 times a week),Often (5-6 times a week),Sometimes (3-4 times a week),High stress,Poor
2024-10-24 19:56:35.0000000,Third year,Female,Often (5-6 times a week),More than 8 hours,Every night,Good,Often,Sometimes,Often (3-4 times a week),Moderate impact,Sometimes (3-4 times a week),Every day,Every day,High stress,Below Average
2024-10-24 19:59:55.0000000,Third year,Male,Often (5-6 times a week),7-8 hours,Often (5-6 times a week),Average,Sometimes,Sometimes,Often (3-4 times a week),Moderate impact,Often (5-6 times a week),Sometimes (3-4 times a week),Sometimes (3-4 times a week),High stress,Below Average
2024-10-24 20:00:33.0000000,Graduate student,Male,Sometimes (3-4 times a week),7-8 hours,Often (5-6 times a week),Good,Sometimes,Sometimes,Often (3-4 times a week),Major impact,Sometimes (3-4 times a week),Sometimes (3-4 times a week),Often (5-6 times a week),Low stress,Below Average
2024-10-24 20:01:31.0000000,Third year,Male,Every night,7-8 hours,Sometimes (3-4 times a week),Very good,Often,Sometimes,Often (3-4 times a week),Moderate impact,Often (5-6 times a week),Often (5-6 times a week),Often (5-6 times a week),High stress,Below Average
2024-10-24 20:15:00.0000000,Graduate student,Female,Every night,More than 8 hours,Every night,Very good,Always,Often,Often (3-4 times a week),Moderate impact,Rarely (1-2 times a week),Sometimes (3-4 times a week),Sometimes (3-4 times a week),High stress,Below Average
2024-10-24 20:15:20.0000000,Graduate student,Female,Sometimes (3-4 times a week),7-8 hours,Every night,Very good,Never,Rarely,Sometimes (1-2 times a week),Moderate impact,Often (5-6 times a week),Sometimes (3-4 times a week),Sometimes (3-4 times a week),Extremely high stress,Below Average
2024-10-24 20:16:39.0000000,Graduate student,Male,Every night,7-8 hours,Often (5-6 times a week),Good,Sometimes,Often,Sometimes (1-2 times a week),Moderate impact,Often (5-6 times a week),Often (5-6 times a week),Often (5-6 times a week),High stress,Below Average
2024-10-24 20:16:59.0000000,Graduate student,Male,Every night,7-8 hours,Often (5-6 times a week),Good,Always,Often,Often (3-4 times a week),Severe impact,Every night,Often (5-6 times a week),Often (5-6 times a week),High stress,Below Average
2024-10-24 20:17:36.0000000,Graduate student,Female,Sometimes (3-4 times a week),7-8 hours,Often (5-6 times a week),Very good,Always,Often,Often (3-4 times a week),Major impact,Sometimes (3-4 times a week),Rarely (1-2 times a week),Sometimes (3-4 times a week),Low stress,Average
2024-10-24 20:18:00.0000000,Third year,Male,Every night,7-8 hours,Often (5-6 times a week),Good,Often,Sometimes,Often (3-4 times a week),Major impact,Rarely (1-2 times a week),Often (5-6 times a week),Often (5-6 times a week),Low stress,Poor
2024-10-24 20:20:46.0000000,Third year,Female,Often (5-6 times a week),7-8 hours,Often (5-6 times a week),Very good,Often,Always,Always,Major impact,Often (5-6 times a week),Every day,Often (5-6 times a week),Extremely high stress,Poor
2024-10-24 20:31:06.0000000,Graduate student,Male,Every night,More than 8 hours,Every night,Very good,Often,Often,Often (3-4 times a week),Minor impact,Sometimes (3-4 times a week),Sometimes (3-4 times a week),Often (5-6 times a week),High stress,Poor
2024-10-24 20:31:33.0000000,Third year,Female,Often (5-6 times a week),7-8 hours,Sometimes (3-4 times a week),Good,Always,Always,Often (3-4 times a week),Moderate impact,Often (5-6 times a week),Often (5-6 times a week),Often (5-6 times a week),Extremely high stress,Below Average
2024-10-24 20:32:06.0000000,Second year,Female,Often (5-6 times a week),More than 8 hours,Every night,Good,Sometimes,Always,Sometimes (1-2 times a week),Moderate impact,Often (5-6 times a week),Every day,Often (5-6 times a week),High stress,Poor
2024-10-24 20:35:16.0000000,Graduate student,Male,Often (5-6 times a week),7-8 hours,Often (5-6 times a week),Good,Often,Often,Often (3-4 times a week),Major impact,Often (5-6 times a week),Sometimes (3-4 times a week),Sometimes (3-4 times a week),High stress,Below Average
2024-10-24 20:36:31.0000000,Third year,Male,Every night,7-8 hours,Every night,Good,Sometimes,Sometimes,Never,Major impact,Often (5-6 times a week),Often (5-6 times a week),Often (5-6 times a week),High stress,Below Average
2024-10-24 20:37:39.0000000,Graduate student,Male,Often (5-6 times a week),More than 8 hours,Often (5-6 times a week),Good,Sometimes,Often,Often (3-4 times a week),Major impact,Often (5-6 times a week),Sometimes (3-4 times a week),Often (5-6 times a week),High stress,Poor
2024-10-24 20:41:20.0000000,Graduate student,Female,Often (5-6 times a week),More than 8 hours,Every night,Very good,Often,Often,Sometimes (1-2 times a week),Major impact,Often (5-6 times a week),Often (5-6 times a week),Often (5-6 times a week),High stress,Below Average
2024-10-24 20:44:28.0000000,Third year,Female,Often (5-6 times a week),More than 8 hours,Often (5-6 times a week),Very good,Often,Often,Sometimes (1-2 times a week),Moderate impact,Every night,Often (5-6 times a week),Often (5-6 times a week),High stress,Below Average
2024-10-24 20:44:47.0000000,Graduate student,Female,Every night,More than 8 hours,Often (5-6 times a week),Good,Always,Always,Always,Severe impact,Sometimes (3-4 times a week),Often (5-6 times a week),Every day,Extremely high stress,Below Average
2024-10-24 20:45:15.0000000,Third year,Female,Sometimes (3-4 times a week),7-8 hours,Often (5-6 times a week),Good,Often,Always,Often (3-4 times a week),Major impact,Often (5-6 times a week),Often (5-6 times a week),Often (5-6 times a week),Extremely high stress,Poor
2024-10-24 20:46:44.0000000,Third year,Male,Often (5-6 times a week),7-8 hours,Often (5-6 times a week),Good,Always,Often,Often (3-4 times a week),Major impact,Every night,Often (5-6 times a week),Sometimes (3-4 times a week),High stress,Poor
2024-10-24 20:49:24.0000000,Third year,Female,Often (5-6 times a week),7-8 hours,Often (5-6 times a week),Good,Sometimes,Always,Often (3-4 times a week),Severe impact,Often (5-6 times a week),Often (5-6 times a week),Sometimes (3-4 times a week),High stress,Poor
2024-10-24 23:42:01.0000000,Graduate student,Male,Often (5-6 times a week),7-8 hours,Often (5-6 times a week),Good,Often,Often,Sometimes (1-2 times a week),Major impact,Often (5-6 times a week),Often (5-6 times a week),Sometimes (3-4 times a week),Low stress,Poor
2024-10-25 13:58:07.0000000,Graduate student,Male,Every night,7-8 hours,Every night,Good,Sometimes,Often,Often (3-4 times a week),Major impact,Rarely (1-2 times a week),Sometimes (3-4 times a week),Sometimes (3-4 times a week),Low stress,Poor
2024-10-25 13:59:02.0000000,Third year,Female,Every night,More than 8 hours,Every night,Very good,Always,Always,Sometimes (1-2 times a week),Severe impact,Every night,Every day,Rarely (1-2 times a week),High stress,Poor
2024-10-25 14:00:04.0000000,Graduate student,Male,Every night,More than 8 hours,Every night,Good,Always,Often,Always,Severe impact,Often (5-6 times a week),Often (5-6 times a week),Often (5-6 times a week),Extremely high stress,Poor
2024-10-25 14:00:29.0000000,Second year,Male,Often (5-6 times a week),More than 8 hours,Every night,Very good,Always,Always,Always,Major impact,Every night,Often (5-6 times a week),Every day,High stress,Poor
2024-10-25 14:00:46.0000000,Third year,Female,Every night,7-8 hours,Often (5-6 times a week),Good,Always,Always,Always,Severe impact,Every night,Often (5-6 times a week),Every day,High stress,Poor
2024-10-25 14:01:05.0000000,Third year,Male,Often (5-6 times a week),More than 8 hours,Often (5-6 times a week),Good,Always,Often,Always,Severe impact,Every night,Every day,Every day,High stress,Poor
2024-10-25 14:01:23.0000000,Graduate student,Male,Every night,More than 8 hours,Often (5-6 times a week),Good,Often,Always,Often (3-4 times a week),Severe impact,Often (5-6 times a week),Every day,Every day,Extremely high stress,Below Average
2024-10-25 14:02:34.0000000,Graduate student,Male,Every night,More than 8 hours,Every night,Good,Often,Often,Always,Severe impact,Every night,Every day,Sometimes (3-4 times a week),Extremely high stress,Poor
2024-10-25 14:02:52.0000000,Graduate student,Female,Every night,More than 8 hours,Often (5-6 times a week),Very good,Often,Always,Often (3-4 times a week),Severe impact,Every night,Often (5-6 times a week),Every day,Extremely high stress,Poor
2024-10-25 14:06:29.0000000,Graduate student,Male,Every night,More than 8 hours,Often (5-6 times a week),Good,Often,Often,Sometimes (1-2 times a week),Major impact,Every night,Every day,Often (5-6 times a week),High stress,Poor
2024-10-25 14:07:54.0000000,Graduate student,Male,Every night,More than 8 hours,Every night,Good,Often,Always,Often (3-4 times a week),Major impact,Often (5-6 times a week),Often (5-6 times a week),Often (5-6 times a week),High stress,Poor
2024-10-25 14:08:24.0000000,Graduate student,Male,Every night,More than 8 hours,Every night,Very good,Always,Always,Always,Major impact,Often (5-6 times a week),Often (5-6 times a week),Often (5-6 times a week),Extremely high stress,Poor
2024-10-25 14:09:06.0000000,Third year,Male,Every night,More than 8 hours,Every night,Good,Always,Often,Always,Severe impact,Every night,Often (5-6 times a week),Every day,Extremely high stress,Poor
2024-10-25 14:09:50.0000000,Graduate student,Female,Every night,More than 8 hours,Every night,Very good,Often,Always,Always,Severe impact,Every night,Sometimes (3-4 times a week),Often (5-6 times a week),Extremely high stress,Poor
2024-10-25 14:11:59.0000000,Graduate student,Female,Often (5-6 times a week),More than 8 hours,Often (5-6 times a week),Very good,Always,Always,Often (3-4 times a week),Severe impact,Every night,Often (5-6 times a week),Every day,Extremely high stress,Poor
2024-10-25 14:13:22.0000000,Graduate student,Female,Every night,More than 8 hours,Every night,Very good,Always,Always,Always,Major impact,Every night,Every day,Often (5-6 times a week),Extremely high stress,Poor
2024-10-25 14:13:48.0000000,Graduate student,Male,Every night,7-8 hours,Every night,Very good,Always,Often,Always,Major impact,Every night,Often (5-6 times a week),Every day,Extremely high stress,Poor
2024-10-25 14:14:18.0000000,Third year,Male,Every night,More than 8 hours,Every night,Good,Often,Often,Often (3-4 times a week),Severe impact,Often (5-6 times a week),Often (5-6 times a week),Often (5-6 times a week),Low stress,Poor
2024-10-25 14:14:49.0000000,Third year,Male,Often (5-6 times a week),More than 8 hours,Every night,Very good,Sometimes,Always,Often (3-4 times a week),Major impact,Often (5-6 times a week),Often (5-6 times a week),Often (5-6 times a week),High stress,Poor
2024-10-25 14:15:11.0000000,Graduate student,Male,Every night,More than 8 hours,Every night,Good,Often,Often,Often (3-4 times a week),Major impact,Every night,Every day,Often (5-6 times a week),High stress,Poor
2024-10-25 14:15:45.0000000,Graduate student,Male,Never,More than 8 hours,Often (5-6 times a week),Very good,Often,Often,Often (3-4 times a week),Severe impact,Every night,Often (5-6 times a week),Every day,Extremely high stress,Below Average
2024-10-25 14:17:23.0000000,Graduate student,Male,Every night,More than 8 hours,Often (5-6 times a week),Very good,Always,Always,Often (3-4 times a week),Severe impact,Every night,Often (5-6 times a week),Every day,Extremely high stress,Poor
2024-10-25 14:18:35.0000000,Graduate student,Male,Every night,7-8 hours,Often (5-6 times a week),Good,Always,Often,Often (3-4 times a week),Severe impact,Every night,Every day,Often (5-6 times a week),Extremely high stress,Below Average
2024-10-25 14:19:58.0000000,Third year,Female,Every night,More than 8 hours,Every night,Good,Always,Always,Sometimes (1-2 times a week),Major impact,Every night,Every day,Often (5-6 times a week),High stress,Poor
2024-10-25 14:21:16.0000000,Graduate student,Female,Every night,More than 8 hours,Every night,Good,Often,Always,Always,Severe impact,Every night,Often (5-6 times a week),Often (5-6 times a week),Extremely high stress,Poor
2024-10-25 14:21:35.0000000,Third year,Female,Often (5-6 times a week),7-8 hours,Every night,Very good,Always,Always,Often (3-4 times a week),Major impact,Every night,Every day,Often (5-6 times a week),Extremely high stress,Poor
2024-10-25 14:21:53.0000000,Graduate student,Female,Every night,7-8 hours,Every night,Good,Always,Often,Always,Severe impact,Every night,Every day,Every day,Extremely high stress,Below Average
2024-10-25 14:22:58.0000000,Graduate student,Male,Every night,More than 8 hours,Often (5-6 times a week),Very good,Often,Often,Often (3-4 times a week),Major impact,Every night,Every day,Often (5-6 times a week),Extremely high stress,Poor
2024-10-25 14:23:22.0000000,Graduate student,Male,Often (5-6 times a week),7-8 hours,Often (5-6 times a week),Good,Always,Always,Always,Severe impact,Often (5-6 times a week),Every day,Every day,Extremely high stress,Poor
2024-10-25 14:23:41.0000000,Graduate student,Male,Every night,7-8 hours,Every night,Very good,Always,Often,Always,Severe impact,Often (5-6 times a week),Every day,Every day,Extremely high stress,Poor
2024-10-25 14:24:53.0000000,Graduate student,Male,Every night,More than 8 hours,Every night,Very good,Always,Often,Always,Major impact,Often (5-6 times a week),Often (5-6 times a week),Often (5-6 times a week),Extremely high stress,Poor
2024-10-25 14:26:34.0000000,Graduate student,Male,Often (5-6 times a week),7-8 hours,Every night,Good,Always,Always,Always,Moderate impact,Every night,Often (5-6 times a week),Often (5-6 times a week),Extremely high stress,Poor
2024-10-25 14:27:36.0000000,Graduate student,Male,Often (5-6 times a week),More than 8 hours,Every night,Very good,Often,Always,Often (3-4 times a week),Severe impact,Every night,Every day,Every day,High stress,Poor
2024-10-25 14:27:55.0000000,Graduate student,Male,Every night,7-8 hours,Often (5-6 times a week),Very good,Often,Always,Often (3-4 times a week),Severe impact,Every night,Every day,Every day,Extremely high stress,Below Average
2024-10-25 14:28:15.0000000,Graduate student,Male,Every night,7-8 hours,Every night,Very good,Often,Always,Often (3-4 times a week),Severe impact,Every night,Every day,Often (5-6 times a week),Extremely high stress,Poor
2024-10-25 14:28:44.0000000,Graduate student,Male,Every night,7-8 hours,Often (5-6 times a week),Very good,Often,Always,Always,Severe impact,Often (5-6 times a week),Often (5-6 times a week),Often (5-6 times a week),Extremely high stress,Poor
2024-10-25 14:30:26.0000000,Graduate student,Male,Every night,7-8 hours,Often (5-6 times a week),Very good,Often,Always,Often (3-4 times a week),Major impact,Often (5-6 times a week),Often (5-6 times a week),Often (5-6 times a week),Extremely high stress,Poor
2024-10-25 14:31:38.0000000,Graduate student,Male,Often (5-6 times a week),More than 8 hours,Every night,Good,Often,Often,Often (3-4 times a week),Major impact,Often (5-6 times a week),Often (5-6 times a week),Often (5-6 times a week),High stress,Below Average
2024-10-25 14:32:08.0000000,Graduate student,Male,Often (5-6 times a week),7-8 hours,Often (5-6 times a week),Very good,Often,Often,Often (3-4 times a week),Severe impact,Often (5-6 times a week),Often (5-6 times a week),Every day,High stress,Poor
2024-10-25 14:32:40.0000000,Third year,Male,Every night,7-8 hours,Every night,Good,Often,Often,Often (3-4 times a week),Major impact,Often (5-6 times a week),Often (5-6 times a week),Often (5-6 times a week),High stress,Below Average
2024-10-25 14:33:25.0000000,Third year,Male,Often (5-6 times a week),More than 8 hours,Every night,Very good,Often,Often,Often (3-4 times a week),Major impact,Every night,Every day,Often (5-6 times a week),High stress,Below Average
2024-10-25 14:34:24.0000000,Graduate student,Male,Every night,7-8 hours,Often (5-6 times a week),Good,Often,Often,Often (3-4 times a week),Major impact,Often (5-6 times a week),Often (5-6 times a week),Often (5-6 times a week),Extremely high stress,Poor
2024-10-25 14:34:46.0000000,Third year,Male,Often (5-6 times a week),7-8 hours,Every night,Very good,Always,Often,Always,Severe impact,Every night,Every day,Every day,High stress,Poor
2024-10-25 14:35:09.0000000,Graduate student,Male,Every night,More than 8 hours,Often (5-6 times a week),Very good,Often,Always,Always,Severe impact,Every night,Often (5-6 times a week),Often (5-6 times a week),High stress,Poor
2024-10-25 14:35:31.0000000,Graduate student,Male,Every night,7-8 hours,Often (5-6 times a week),Good,Often,Always,Often (3-4 times a week),Major impact,Often (5-6 times a week),Often (5-6 times a week),Often (5-6 times a week),Extremely high stress,Poor
2024-10-25 14:35:55.0000000,Graduate student,Male,Every night,7-8 hours,Often (5-6 times a week),Very good,Always,Always,Always,Severe impact,Often (5-6 times a week),Often (5-6 times a week),Often (5-6 times a week),High stress,Poor
2024-10-25 14:36:51.0000000,Graduate student,Female,Often (5-6 times a week),More than 8 hours,Often (5-6 times a week),Very good,Always,Always,Always,Severe impact,Every night,Often (5-6 times a week),Every day,High stress,Poor
2024-10-25 14:38:50.0000000,Graduate student,Male,Often (5-6 times a week),7-8 hours,Often (5-6 times a week),Very good,Always,Always,Always,Severe impact,Every night,Often (5-6 times a week),Often (5-6 times a week),Extremely high stress,Poor
2024-10-25 14:39:09.0000000,Third year,Male,Often (5-6 times a week),More than 8 hours,Every night,Good,Often,Often,Always,Major impact,Often (5-6 times a week),Often (5-6 times a week),Every day,Extremely high stress,Poor
2024-10-25 14:39:43.0000000,Third year,Male,Often (5-6 times a week),7-8 hours,Every night,Very good,Often,Always,Always,Major impact,Often (5-6 times a week),Every day,Often (5-6 times a week),Extremely high stress,Below Average
2024-10-25 14:40:03.0000000,Third year,Female,Often (5-6 times a week),7-8 hours,Often (5-6 times a week),Good,Often,Sometimes,Always,Major impact,Often (5-6 times a week),Every day,Every day,Extremely high stress,Poor
2024-10-25 14:40:26.0000000,Third year,Male,Every night,More than 8 hours,Every night,Very good,Often,Always,Often (3-4 times a week),Major impact,Often (5-6 times a week),Often (5-6 times a week),Every day,Extremely high stress,Below Average
2024-10-25 14:40:44.0000000,Third year,Female,Every night,7-8 hours,Often (5-6 times a week),Good,Always,Sometimes,Often (3-4 times a week),Major impact,Every night,Every day,Every day,Extremely high stress,Poor
2024-10-25 14:41:05.0000000,Third year,Male,Often (5-6 times a week),7-8 hours,Often (5-6 times a week),Very good,Always,Always,Always,Severe impact,Often (5-6 times a week),Every day,Every day,High stress,Poor
2024-10-25 14:44:33.0000000,Graduate student,Male,Often (5-6 times a week),7-8 hours,Often (5-6 times a week),Very good,Always,Always,Often (3-4 times a week),Major impact,Often (5-6 times a week),Every day,Often (5-6 times a week),Extremely high stress,Poor
2024-10-25 14:45:02.0000000,Graduate student,Male,Every night,More than 8 hours,Often (5-6 times a week),Very good,Always,Often,Always,Major impact,Often (5-6 times a week),Often (5-6 times a week),Often (5-6 times a week),Extremely high stress,Poor
2024-10-25 14:45:46.0000000,Graduate student,Male,Often (5-6 times a week),More than 8 hours,Every night,Good,Always,Sometimes,Often (3-4 times a week),Major impact,Often (5-6 times a week),Often (5-6 times a week),Often (5-6 times a week),High stress,Poor
2024-10-25 14:46:29.0000000,Graduate student,Male,Every night,7-8 hours,Every night,Very good,Often,Always,Often (3-4 times a week),Major impact,Every night,Every day,Often (5-6 times a week),High stress,Poor
2024-10-25 14:46:59.0000000,Graduate student,Female,Every night,More than 8 hours,Every night,Very good,Often,Often,Always,Severe impact,Often (5-6 times a week),Every day,Every day,Extremely high stress,Poor
2024-10-25 14:51:35.0000000,Graduate student,Male,Every night,More than 8 hours,Often (5-6 times a week),Very good,Always,Always,Often (3-4 times a week),Major impact,Sometimes (3-4 times a week),Often (5-6 times a week),Often (5-6 times a week),High stress,Below Average
2024-10-25 14:53:03.0000000,Graduate student,Female,Often (5-6 times a week),7-8 hours,Every night,Very good,Often,Often,Often (3-4 times a week),Major impact,Often (5-6 times a week),Often (5-6 times a week),Often (5-6 times a week),High stress,Poor
2024-10-25 15:00:28.0000000,Graduate student,Male,Every night,More than 8 hours,Often (5-6 times a week),Very good,Often,Often,Often (3-4 times a week),Major impact,Often (5-6 times a week),Often (5-6 times a week),Often (5-6 times a week),Extremely high stress,Poor
2024-10-25 15:02:22.0000000,Graduate student,Female,Often (5-6 times a week),7-8 hours,Often (5-6 times a week),Good,Often,Always,Always,Severe impact,Every night,Every day,Every day,Extremely high stress,Poor
2024-10-25 15:03:27.0000000,Graduate student,Male,Every night,More than 8 hours,Every night,Very good,Always,Always,Always,Severe impact,Every night,Every day,Often (5-6 times a week),Extremely high stress,Poor
2024-10-25 15:03:49.0000000,Graduate student,Female,Every night,7-8 hours,Every night,Very good,Always,Always,Often (3-4 times a week),Severe impact,Every night,Every day,Every day,Extremely high stress,Poor
2024-10-25 15:04:31.0000000,Graduate student,Male,Every night,7-8 hours,Every night,Very good,Always,Always,Always,Severe impact,Every night,Every day,Often (5-6 times a week),Extremely high stress,Poor
2024-10-25 15:05:08.0000000,Graduate student,Male,Often (5-6 times a week),More than 8 hours,Every night,Very good,Often,Often,Sometimes (1-2 times a week),Major impact,Often (5-6 times a week),Every day,Every day,Extremely high stress,Poor
2024-10-25 15:05:59.0000000,Graduate student,Male,Every night,More than 8 hours,Often (5-6 times a week),Good,Always,Always,Always,Severe impact,Often (5-6 times a week),Often (5-6 times a week),Every day,Extremely high stress,Poor
2024-10-25 15:06:32.0000000,Graduate student,Male,Every night,7-8 hours,Often (5-6 times a week),Very good,Always,Always,Often (3-4 times a week),Severe impact,Sometimes (3-4 times a week),Every day,Every day,Extremely high stress,Below Average
2024-10-25 15:06:50.0000000,Graduate student,Male,Often (5-6 times a week),7-8 hours,Often (5-6 times a week),Very good,Always,Always,Always,Major impact,Every night,Often (5-6 times a week),Every day,Extremely high stress,Poor
2024-10-25 15:07:09.0000000,Graduate student,Female,Every night,More than 8 hours,Every night,Very good,Often,Often,Often (3-4 times a week),Major impact,Every night,Every day,Often (5-6 times a week),Extremely high stress,Poor
2024-10-25 15:07:28.0000000,Graduate student,Female,Often (5-6 times a week),7-8 hours,Every night,Very good,Always,Always,Often (3-4 times a week),Major impact,Often (5-6 times a week),Every day,Often (5-6 times a week),Extremely high stress,Poor
2024-10-25 15:08:42.0000000,Graduate student,Male,Often (5-6 times a week),More than 8 hours,Every night,Good,Often,Always,Always,Severe impact,Often (5-6 times a week),Every day,Every day,High stress,Poor
2024-10-25 15:09:52.0000000,Graduate student,Female,Often (5-6 times a week),More than 8 hours,Every night,Very good,Always,Always,Sometimes (1-2 times a week),Major impact,Often (5-6 times a week),Every day,Every day,Extremely high stress,Poor
2024-10-25 15:11:20.0000000,Graduate student,Male,Every night,7-8 hours,Often (5-6 times a week),Good,Often,Often,Often (3-4 times a week),Severe impact,Every night,Often (5-6 times a week),Every day,Extremely high stress,Poor
2024-10-25 15:12:24.0000000,Graduate student,Male,Every night,More than 8 hours,Every night,Very good,Always,Always,Often (3-4 times a week),Severe impact,Every night,Every day,Every day,Extremely high stress,Poor
2024-10-25 15:13:13.0000000,Graduate student,Male,Every night,More than 8 hours,Every night,Very good,Often,Always,Always,Severe impact,Every night,Every day,Every day,Extremely high stress,Poor
2024-10-25 15:14:43.0000000,Graduate student,Female,Every night,7-8 hours,Every night,Very good,Always,Often,Always,Severe impact,Every night,Every day,Every day,Extremely high stress,Poor
2024-10-25 15:16:46.0000000,Graduate student,Female,Every night,More than 8 hours,Every night,Very good,Sometimes,Often,Often (3-4 times a week),Major impact,Often (5-6 times a week),Often (5-6 times a week),Often (5-6 times a week),Extremely high stress,Poor
2024-10-25 16:10:27.0000000,Graduate student,Male,Every night,More than 8 hours,Every night,Good,Always,Always,Always,Severe impact,Every night,Every day,Often (5-6 times a week),Extremely high stress,Poor
2024-10-25 16:11:07.0000000,Graduate student,Female,Every night,More than 8 hours,Every night,Very good,Always,Always,Always,Severe impact,Every night,Every day,Every day,Extremely high stress,Poor
2024-10-25 16:12:57.0000000,Graduate student,Male,Every night,More than 8 hours,Every night,Very good,Always,Always,Always,Severe impact,Every night,Every day,Every day,Extremely high stress,Poor
2024-10-25 16:58:40.0000000,Graduate student,Female,Every night,More than 8 hours,Every night,Very good,Always,Always,Often (3-4 times a week),Severe impact,Often (5-6 times a week),Every day,Every day,Extremely high stress,Below Average
2024-10-25 16:59:38.0000000,Graduate student,Female,Every night,7-8 hours,Every night,Good,Often,Often,Often (3-4 times a week),Severe impact,Every night,Often (5-6 times a week),Every day,Extremely high stress,Below Average
2024-10-25 17:37:37.0000000,Graduate student,Female,Every night,More than 8 hours,Often (5-6 times a week),Very good,Often,Often,Often (3-4 times a week),Major impact,Every night,Often (5-6 times a week),Every day,High stress,Poor
2024-10-25 17:38:08.0000000,Graduate student,Female,Often (5-6 times a week),More than 8 hours,Every night,Very good,Often,Always,Always,Major impact,Every night,Often (5-6 times a week),Every day,Extremely high stress,Poor
2024-10-25 17:38:32.0000000,Third year,Female,Every night,More than 8 hours,Every night,Very good,Often,Always,Always,Severe impact,Every night,Often (5-6 times a week),Every day,Extremely high stress,Below Average
2024-10-25 17:40:37.0000000,Graduate student,Male,Often (5-6 times a week),More than 8 hours,Often (5-6 times a week),Very good,Always,Always,Always,Severe impact,Every night,Every day,Every day,Extremely high stress,Poor
2024-10-25 17:41:11.0000000,Graduate student,Female,Every night,More than 8 hours,Every night,Very good,Always,Always,Always,Severe impact,Often (5-6 times a week),Every day,Every day,Extremely high stress,Poor
2024-10-25 18:02:11.0000000,Third year,Female,Every night,More than 8 hours,Every night,Good,Often,Always,Always,Major impact,Every night,Every day,Every day,Extremely high stress,Poor
2024-10-25 18:02:32.0000000,Third year,Female,Often (5-6 times a week),7-8 hours,Often (5-6 times a week),Very good,Always,Often,Always,Severe impact,Every night,Every day,Every day,High stress,Poor
2024-10-25 18:02:53.0000000,Graduate student,Female,Every night,More than 8 hours,Often (5-6 times a week),Good,Often,Often,Always,Severe impact,Every night,Every day,Often (5-6 times a week),Extremely high stress,Below Average
2024-10-25 18:03:34.0000000,Graduate student,Female,Every night,More than 8 hours,Every night,Very good,Always,Always,Always,Major impact,Every night,Every day,Often (5-6 times a week),Extremely high stress,Poor
2024-10-25 18:04:04.0000000,Graduate student,Male,Every night,More than 8 hours,Every night,Good,Often,Always,Always,Severe impact,Often (5-6 times a week),Often (5-6 times a week),Often (5-6 times a week),Extremely high stress,Poor
2024-10-25 18:04:24.0000000,Graduate student,Male,Often (5-6 times a week),More than 8 hours,Every night,Very good,Always,Always,Often (3-4 times a week),Severe impact,Every night,Often (5-6 times a week),Every day,Extremely high stress,Below Average
2024-10-25 19:54:43.0000000,Graduate student,Male,Every night,More than 8 hours,Every night,Very good,Always,Always,Always,Severe impact,Often (5-6 times a week),Every day,Every day,Extremely high stress,Poor
2024-10-25 21:10:07.0000000,Graduate student,Male,Often (5-6 times a week),7-8 hours,Every night,Very good,Often,Always,Often (3-4 times a week),Severe impact,Often (5-6 times a week),Often (5-6 times a week),Often (5-6 times a week),High stress,Poor
2024-10-26 07:52:34.0000000,Graduate student,Male,Often (5-6 times a week),More than 8 hours,Every night,Very good,Often,Often,Always,Severe impact,Every night,Sometimes (3-4 times a week),Often (5-6 times a week),High stress,Below Average
2024-10-26 07:53:36.0000000,Graduate student,Male,Often (5-6 times a week),More than 8 hours,Every night,Very good,Often,Always,Often (3-4 times a week),Major impact,Every night,Every day,Every day,Extremely high stress,Below Average
2024-10-26 07:53:56.0000000,Third year,Male,Every night,More than 8 hours,Every night,Very good,Often,Always,Always,Severe impact,Often (5-6 times a week),Every day,Often (5-6 times a week),High stress,Poor
2024-10-26 07:54:18.0000000,Graduate student,Male,Every night,More than 8 hours,Every night,Good,Always,Always,Often (3-4 times a week),Severe impact,Every night,Every day,Often (5-6 times a week),Extremely high stress,Below Average
2024-10-26 07:54:50.0000000,Graduate student,Male,Every night,More than 8 hours,Every night,Very good,Often,Always,Often (3-4 times a week),Major impact,Often (5-6 times a week),Every day,Every day,High stress,Poor
2024-10-26 07:55:18.0000000,Third year,Male,Every night,7-8 hours,Every night,Very good,Always,Always,Often (3-4 times a week),Severe impact,Every night,Every day,Every day,High stress,Below Average
2024-10-26 07:57:08.0000000,Graduate student,Male,Often (5-6 times a week),7-8 hours,Every night,Good,Often,Always,Often (3-4 times a week),Severe impact,Every night,Often (5-6 times a week),Every day,Extremely high stress,Poor
2024-10-26 07:57:30.0000000,Graduate student,Male,Every night,More than 8 hours,Every night,Very good,Always,Always,Often (3-4 times a week),Severe impact,Every night,Every day,Every day,High stress,Poor
2024-10-26 07:58:01.0000000,Graduate student,Male,Every night,More than 8 hours,Every night,Good,Always,Always,Always,Major impact,Often (5-6 times a week),Often (5-6 times a week),Every day,Extremely high stress,Poor
2024-10-26 07:58:21.0000000,Graduate student,Male,Every night,More than 8 hours,Often (5-6 times a week),Very good,Always,Often,Always,Severe impact,Every night,Every day,Every day,High stress,Poor
2024-10-26 07:58:40.0000000,Third year,Male,Every night,7-8 hours,Every night,Very good,Often,Often,Often (3-4 times a week),Severe impact,Every night,Every day,Every day,Extremely high stress,Below Average
2024-10-26 07:58:59.0000000,Graduate student,Male,Every night,More than 8 hours,Every night,Very good,Sometimes,Often,Often (3-4 times a week),Major impact,Often (5-6 times a week),Often (5-6 times a week),Every day,Extremely high stress,Poor
2024-10-26 07:59:21.0000000,Graduate student,Male,Every night,7-8 hours,Every night,Very good,Often,Always,Always,Severe impact,Every night,Often (5-6 times a week),Every day,Extremely high stress,Poor
2024-10-26 07:59:40.0000000,Graduate student,Male,Every night,More than 8 hours,Every night,Good,Always,Often,Always,Major impact,Every night,Every day,Every day,Extremely high stress,Poor
2024-10-26 08:00:15.0000000,Graduate student,Male,Every night,More than 8 hours,Often (5-6 times a week),Good,Always,Always,Always,Severe impact,Every night,Every day,Often (5-6 times a week),Extremely high stress,Poor
2024-10-26 08:00:46.0000000,Graduate student,Male,Every night,7-8 hours,Every night,Very good,Always,Often,Always,Severe impact,Every night,Every day,Often (5-6 times a week),Extremely high stress,Average
2024-10-26 08:01:05.0000000,Graduate student,Male,Every night,More than 8 hours,Every night,Very good,Always,Always,Always,Severe impact,Every night,Often (5-6 times a week),Every day,Extremely high stress,Poor
2024-10-26 08:02:03.0000000,Graduate student,Male,Every night,More than 8 hours,Every night,Good,Always,Often,Often (3-4 times a week),Severe impact,Every night,Often (5-6 times a week),Every day,Extremely high stress,Poor
2024-10-26 08:02:44.0000000,Graduate student,Male,Every night,More than 8 hours,Often (5-6 times a week),Good,Always,Always,Always,Severe impact,Often (5-6 times a week),Often (5-6 times a week),Every day,Extremely high stress,Poor
2024-10-26 08:03:07.0000000,Third year,Male,Every night,More than 8 hours,Every night,Very good,Often,Often,Often (3-4 times a week),Major impact,Often (5-6 times a week),Often (5-6 times a week),Often (5-6 times a week),High stress,Poor
2024-10-26 08:03:45.0000000,Graduate student,Male,Every night,More than 8 hours,Every night,Very good,Always,Always,Often (3-4 times a week),Severe impact,Often (5-6 times a week),Every day,Often (5-6 times a week),Extremely high stress,Poor
2024-10-26 08:07:04.0000000,Graduate student,Male,Every night,7-8 hours,Every night,Very good,Always,Always,Often (3-4 times a week),Major impact,Often (5-6 times a week),Every day,Often (5-6 times a week),Extremely high stress,Poor
2024-10-26 08:07:34.0000000,Graduate student,Male,Every night,More than 8 hours,Often (5-6 times a week),Very good,Always,Always,Often (3-4 times a week),Severe impact,Often (5-6 times a week),Every day,Every day,Extremely high stress,Poor
2024-10-26 08:08:49.0000000,Graduate student,Male,Every night,More than 8 hours,Often (5-6 times a week),Very good,Always,Always,Always,Severe impact,Often (5-6 times a week),Every day,Every day,Extremely high stress,Below Average
2024-10-26 08:22:11.0000000,Graduate student,Male,Every night,More than 8 hours,Every night,Very good,Always,Often,Always,Severe impact,Every night,Every day,Every day,Extremely high stress,Poor
2024-10-26 08:32:28.0000000,Graduate student,Male,Every night,More than 8 hours,Often (5-6 times a week),Very good,Always,Always,Always,Severe impact,Often (5-6 times a week),Every day,Every day,Extremely high stress,Poor
2024-10-26 08:33:27.0000000,Graduate student,Male,Every night,7-8 hours,Every night,Good,Always,Always,Always,Severe impact,Often (5-6 times a week),Often (5-6 times a week),Often (5-6 times a week),Extremely high stress,Below Average
2024-10-26 08:34:27.0000000,Graduate student,Male,Every night,More than 8 hours,Every night,Very good,Often,Always,Always,Severe impact,Every night,Often (5-6 times a week),Every day,Extremely high stress,Poor
2024-10-26 08:36:25.0000000,Graduate student,Female,Every night,7-8 hours,Often (5-6 times a week),Very good,Always,Always,Often (3-4 times a week),Severe impact,Every night,Often (5-6 times a week),Every day,High stress,Poor
2024-10-26 08:50:52.0000000,Graduate student,Male,Every night,More than 8 hours,Often (5-6 times a week),Very good,Often,Often,Often (3-4 times a week),Major impact,Often (5-6 times a week),Often (5-6 times a week),Often (5-6 times a week),High stress,Below Average
2024-10-26 08:52:12.0000000,Graduate student,Male,Every night,More than 8 hours,Every night,Very good,Often,Always,Always,Major impact,Often (5-6 times a week),Often (5-6 times a week),Every day,Extremely high stress,Poor
2024-10-26 08:55:29.0000000,Graduate student,Male,Every night,More than 8 hours,Every night,Very good,Always,Always,Often (3-4 times a week),Severe impact,Every night,Often (5-6 times a week),Every day,Extremely high stress,Poor
2024-10-26 08:55:48.0000000,Graduate student,Male,Often (5-6 times a week),7-8 hours,Often (5-6 times a week),Very good,Always,Often,Often (3-4 times a week),Severe impact,Every night,Every day,Often (5-6 times a week),Extremely high stress,Below Average
2024-10-26 08:56:07.0000000,Graduate student,Male,Every night,More than 8 hours,Often (5-6 times a week),Very good,Always,Always,Always,Major impact,Often (5-6 times a week),Every day,Every day,Extremely high stress,Poor
2024-10-26 08:57:12.0000000,Graduate student,Male,Every night,More than 8 hours,Every night,Very good,Often,Often,Often (3-4 times a week),Severe impact,Every night,Every day,Every day,Extremely high stress,Poor
2024-10-26 08:58:38.0000000,Graduate student,Male,Every night,More than 8 hours,Every night,Good,Always,Often,Always,Severe impact,Often (5-6 times a week),Every day,Often (5-6 times a week),Extremely high stress,Poor
2024-10-26 08:58:58.0000000,Graduate student,Male,Often (5-6 times a week),More than 8 hours,Often (5-6 times a week),Good,Always,Always,Often (3-4 times a week),Severe impact,Every night,Often (5-6 times a week),Every day,Extremely high stress,Below Average
2024-10-26 09:06:53.0000000,Graduate student,Male,Every night,7-8 hours,Every night,Very good,Often,Always,Always,Major impact,Every night,Often (5-6 times a week),Every day,Extremely high stress,Poor
2024-10-26 09:09:25.0000000,Graduate student,Male,Every night,More than 8 hours,Every night,Very good,Always,Always,Always,Severe impact,Every night,Every day,Every day,Extremely high stress,Poor
2024-10-26 09:12:38.0000000,Graduate student,Male,Every night,7-8 hours,Often (5-6 times a week),Very good,Always,Always,Always,Severe impact,Sometimes (3-4 times a week),Often (5-6 times a week),Every day,Extremely high stress,Below Average
2024-10-26 09:16:00.0000000,Graduate student,Male,Every night,7-8 hours,Often (5-6 times a week),Good,Always,Always,Often (3-4 times a week),Major impact,Often (5-6 times a week),Often (5-6 times a week),Every day,Extremely high stress,Poor
2024-10-26 09:54:07.0000000,Graduate student,Female,Every night,More than 8 hours,Every night,Very good,Always,Always,Often (3-4 times a week),Severe impact,Every night,Every day,Every day,Extremely high stress,Poor
2024-10-26 09:55:04.0000000,Graduate student,Male,Every night,More than 8 hours,Every night,Very good,Always,Always,Always,Severe impact,Every night,Often (5-6 times a week),Often (5-6 times a week),High stress,Poor
2024-10-26 09:57:26.0000000,Graduate student,Male,Every night,7-8 hours,Every night,Very good,Always,Always,Often (3-4 times a week),Severe impact,Often (5-6 times a week),Every day,Every day,Extremely high stress,Average
2024-10-26 10:00:32.0000000,Graduate student,Male,Every night,7-8 hours,Every night,Very good,Sometimes,Always,Always,Severe impact,Every night,Every day,Every day,Extremely high stress,Poor
2024-10-26 10:00:58.0000000,Third year,Male,Every night,More than 8 hours,Often (5-6 times a week),Very good,Always,Always,Always,Major impact,Every night,Every day,Every day,Extremely high stress,Below Average
2024-10-26 10:01:52.0000000,Graduate student,Male,Every night,7-8 hours,Often (5-6 times a week),Very good,Always,Always,Often (3-4 times a week),Major impact,Every night,Every day,Every day,Extremely high stress,Poor
2024-10-26 10:02:09.0000000,Graduate student,Female,Often (5-6 times a week),More than 8 hours,Every night,Average,Always,Always,Always,Major impact,Every night,Often (5-6 times a week),Every day,Extremely high stress,Poor
2024-10-26 10:02:26.0000000,Third year,Female,Every night,More than 8 hours,Every night,Very good,Always,Always,Often (3-4 times a week),Severe impact,Often (5-6 times a week),Every day,Every day,Extremely high stress,Below Average
2024-10-26 10:08:51.0000000,Third year,Female,Often (5-6 times a week),7-8 hours,Every night,Very good,Always,Often,Often (3-4 times a week),Major impact,Often (5-6 times a week),Often (5-6 times a week),Every day,Extremely high stress,Poor
2024-10-26 10:09:25.0000000,Graduate student,Female,Every night,More than 8 hours,Every night,Good,Often,Always,Often (3-4 times a week),Severe impact,Every night,Every day,Every day,Extremely high stress,Below Average
2024-10-26 10:10:15.0000000,Graduate student,Male,Every night,More than 8 hours,Often (5-6 times a week),Good,Often,Always,Always,Severe impact,Every night,Every day,Every day,Extremely high stress,Below Average
2024-10-26 10:11:18.0000000,Third year,Female,Often (5-6 times a week),More than 8 hours,Often (5-6 times a week),Very good,Always,Often,Always,Severe impact,Every night,Often (5-6 times a week),Often (5-6 times a week),Extremely high stress,Poor
2024-10-26 10:11:41.0000000,Graduate student,Male,Every night,7-8 hours,Every night,Very good,Always,Always,Always,Severe impact,Every night,Every day,Every day,High stress,Poor
2024-10-26 10:13:01.0000000,Graduate student,Male,Often (5-6 times a week),7-8 hours,Often (5-6 times a week),Very good,Often,Always,Always,Severe impact,Every night,Every day,Every day,High stress,Poor
2024-10-26 10:13:37.0000000,Graduate student,Male,Every night,More than 8 hours,Every night,Very good,Always,Always,Always,Severe impact,Every night,Every day,Every day,Extremely high stress,Below Average
2024-10-26 10:14:22.0000000,Graduate student,Male,Every night,7-8 hours,Every night,Very good,Often,Always,Always,Major impact,Every night,Every day,Every day,Extremely high stress,Poor
2024-10-26 10:14:59.0000000,Graduate student,Male,Every night,7-8 hours,Every night,Very good,Sometimes,Often,Always,Severe impact,Every night,Every day,Every day,Extremely high stress,Poor
2024-10-26 10:15:20.0000000,Graduate student,Female,Often (5-6 times a week),More than 8 hours,Every night,Very good,Always,Always,Always,Severe impact,Every night,Often (5-6 times a week),Every day,Extremely high stress,Poor
2024-10-26 10:16:32.0000000,Graduate student,Male,Often (5-6 times a week),7-8 hours,Every night,Very good,Always,Always,Always,Severe impact,Often (5-6 times a week),Often (5-6 times a week),Every day,Extremely high stress,Poor
2024-10-26 10:28:58.0000000,Graduate student,Male,Often (5-6 times a week),7-8 hours,Every night,Good,Always,Often,Always,Severe impact,Often (5-6 times a week),Every day,Often (5-6 times a week),High stress,Poor
2024-10-26 10:29:17.0000000,Graduate student,Male,Often (5-6 times a week),More than 8 hours,Every night,Good,Always,Always,Often (3-4 times a week),Major impact,Often (5-6 times a week),Every day,Every day,High stress,Poor
2024-10-26 13:55:02.0000000,Graduate student,Male,Every night,More than 8 hours,Often (5-6 times a week),Good,Always,Often,Often (3-4 times a week),Major impact,Often (5-6 times a week),Every day,Every day,Extremely high stress,Below Average
2024-10-26 13:55:34.0000000,Graduate student,Male,Every night,7-8 hours,Every night,Very good,Often,Always,Often (3-4 times a week),Severe impact,Often (5-6 times a week),Often (5-6 times a week),Every day,Extremely high stress,Poor
2024-10-26 13:56:00.0000000,Graduate student,Male,Often (5-6 times a week),6-7 hours,Often (5-6 times a week),Good,Often,Often,Often (3-4 times a week),Severe impact,Every night,Every day,Every day,Extremely high stress,Below Average
2024-10-26 13:56:24.0000000,Graduate student,Male,Every night,More than 8 hours,Every night,Very good,Often,Always,Always,Severe impact,Every night,Every day,Often (5-6 times a week),Extremely high stress,Poor
2024-10-26 13:56:53.0000000,Graduate student,Male,Every night,6-7 hours,Often (5-6 times a week),Good,Often,Always,Always,Severe impact,Every night,Every day,Every day,Extremely high stress,Poor
2024-10-26 13:57:20.0000000,First year,Male,Every night,7-8 hours,Every night,Very good,Often,Always,Always,Severe impact,Every night,Every day,Every day,Extremely high stress,Below Average
2024-10-26 13:57:40.0000000,Third year,Male,Every night,More than 8 hours,Every night,Very good,Often,Always,Always,Severe impact,Often (5-6 times a week),Often (5-6 times a week),Every day,Extremely high stress,Poor
2024-10-26 13:57:57.0000000,Graduate student,Female,Every night,More than 8 hours,Often (5-6 times a week),Very good,Always,Always,Always,Severe impact,Often (5-6 times a week),Every day,Every day,Extremely high stress,Poor
2024-10-26 13:58:14.0000000,Graduate student,Female,Often (5-6 times a week),More than 8 hours,Often (5-6 times a week),Very good,Always,Always,Often (3-4 times a week),Severe impact,Every night,Every day,Every day,Extremely high stress,Poor
2024-10-26 13:58:31.0000000,Graduate student,Male,Every night,More than 8 hours,Often (5-6 times a week),Very good,Always,Often,Always,Severe impact,Every night,Often (5-6 times a week),Often (5-6 times a week),Extremely high stress,Poor
2024-10-26 13:58:48.0000000,Graduate student,Male,Every night,More than 8 hours,Every night,Good,Often,Always,Always,Severe impact,Every night,Often (5-6 times a week),Every day,Extremely high stress,Poor
2024-10-26 13:59:05.0000000,Graduate student,Female,Every night,More than 8 hours,Every night,Very good,Always,Often,Always,Severe impact,Every night,Every day,Every day,Extremely high stress,Poor
2024-10-26 13:59:24.0000000,Third year,Male,Every night,More than 8 hours,Every night,Good,Always,Always,Sometimes (1-2 times a week),Major impact,Every night,Every day,Often (5-6 times a week),Extremely high stress,Poor
2024-10-26 13:59:41.0000000,Graduate student,Male,Every night,More than 8 hours,Every night,Very good,Always,Always,Always,Severe impact,Often (5-6 times a week),Often (5-6 times a week),Every day,Extremely high stress,Below Average
2024-10-26 14:00:04.0000000,Third year,Male,Often (5-6 times a week),7-8 hours,Every night,Very good,Often,Always,Always,Major impact,Every night,Every day,Often (5-6 times a week),High stress,Poor
2024-10-26 14:00:20.0000000,Graduate student,Male,Every night,More than 8 hours,Every night,Good,Always,Always,Always,Major impact,Every night,Every day,Often (5-6 times a week),Extremely high stress,Below Average
2024-10-26 14:00:42.0000000,Graduate student,Female,Every night,More than 8 hours,Every night,Very good,Sometimes,Often,Sometimes (1-2 times a week),Major impact,Often (5-6 times a week),Every day,Often (5-6 times a week),Extremely high stress,Poor
2024-10-26 14:01:00.0000000,Graduate student,Male,Every night,7-8 hours,Often (5-6 times a week),Very good,Often,Always,Always,Moderate impact,Every night,Often (5-6 times a week),Often (5-6 times a week),Extremely high stress,Good
2024-10-26 14:01:17.0000000,Graduate student,Male,Every night,7-8 hours,Often (5-6 times a week),Average,Often,Always,Often (3-4 times a week),Severe impact,Often (5-6 times a week),Often (5-6 times a week),Every day,Extremely high stress,Below Average
2024-10-26 14:01:35.0000000,Graduate student,Male,Often (5-6 times a week),More than 8 hours,Often (5-6 times a week),Very good,Often,Often,Often (3-4 times a week),Major impact,Every night,Every day,Often (5-6 times a week),Extremely high stress,Below Average
2024-10-26 14:01:52.0000000,Graduate student,Male,Every night,More than 8 hours,Every night,Good,Often,Always,Often (3-4 times a week),Severe impact,Often (5-6 times a week),Often (5-6 times a week),Often (5-6 times a week),Extremely high stress,Below Average
2024-10-26 14:02:18.0000000,Third year,Male,Often (5-6 times a week),More than 8 hours,Often (5-6 times a week),Very good,Always,Always,Always,Major impact,Every night,Often (5-6 times a week),Often (5-6 times a week),Extremely high stress,Poor
2024-10-26 14:02:37.0000000,Third year,Male,Every night,6-7 hours,Every night,Very good,Often,Always,Often (3-4 times a week),Severe impact,Every night,Often (5-6 times a week),Every day,Extremely high stress,Below Average
2024-10-26 14:02:58.0000000,Graduate student,Male,Often (5-6 times a week),7-8 hours,Often (5-6 times a week),Very good,Often,Often,Always,Severe impact,Often (5-6 times a week),Every day,Every day,High stress,Below Average
2024-10-26 14:03:17.0000000,Third year,Female,Every night,7-8 hours,Every night,Very good,Sometimes,Often,Often (3-4 times a week),Severe impact,Every night,Often (5-6 times a week),Every day,Extremely high stress,Poor
2024-10-26 14:03:37.0000000,Second year,Male,Often (5-6 times a week),7-8 hours,Often (5-6 times a week),Very good,Often,Sometimes,Always,Major impact,Often (5-6 times a week),Often (5-6 times a week),Often (5-6 times a week),Extremely high stress,Below Average
2024-10-26 14:03:57.0000000,Third year,Female,Often (5-6 times a week),More than 8 hours,Often (5-6 times a week),Very good,Sometimes,Often,Always,Severe impact,Sometimes (3-4 times a week),Every day,Every day,Extremely high stress,Poor
2024-10-26 14:04:14.0000000,Second year,Female,Sometimes (3-4 times a week),7-8 hours,Often (5-6 times a week),Good,Often,Often,Often (3-4 times a week),Major impact,Often (5-6 times a week),Every day,Every day,Extremely high stress,Below Average
2024-10-26 14:04:37.0000000,Graduate student,Male,Every night,More than 8 hours,Every night,Very good,Always,Always,Always,Severe impact,Often (5-6 times a week),Often (5-6 times a week),Every day,Extremely high stress,Poor
2024-10-26 14:04:55.0000000,Graduate student,Male,Often (5-6 times a week),More than 8 hours,Often (5-6 times a week),Good,Often,Often,Always,Major impact,Often (5-6 times a week),Often (5-6 times a week),Every day,Extremely high stress,Below Average
2024-10-26 14:05:12.0000000,Graduate student,Male,Often (5-6 times a week),7-8 hours,Often (5-6 times a week),Very good,Always,Often,Often (3-4 times a week),Major impact,Often (5-6 times a week),Often (5-6 times a week),Often (5-6 times a week),High stress,Below Average
2024-10-26 14:05:33.0000000,Second year,Male,Often (5-6 times a week),7-8 hours,Sometimes (3-4 times a week),Good,Sometimes,Always,Often (3-4 times a week),Major impact,Often (5-6 times a week),Often (5-6 times a week),Often (5-6 times a week),High stress,Below Average
2024-10-26 14:05:50.0000000,Graduate student,Male,Every night,More than 8 hours,Often (5-6 times a week),Good,Often,Often,Often (3-4 times a week),Major impact,Often (5-6 times a week),Often (5-6 times a week),Sometimes (3-4 times a week),High stress,Below Average
2024-10-26 14:06:08.0000000,Graduate student,Male,Every night,7-8 hours,Every night,Good,Often,Often,Often (3-4 times a week),Major impact,Often (5-6 times a week),Every day,Every day,Extremely high stress,Poor
2024-10-26 14:06:26.0000000,Graduate student,Male,Often (5-6 times a week),7-8 hours,Every night,Good,Often,Often,Always,Severe impact,Often (5-6 times a week),Often (5-6 times a week),Every day,High stress,Poor
2024-10-26 14:06:42.0000000,Third year,Male,Every night,7-8 hours,Often (5-6 times a week),Good,Always,Often,Always,Severe impact,Every night,Often (5-6 times a week),Every day,Extremely high stress,Below Average
2024-10-26 14:06:59.0000000,Graduate student,Male,Every night,7-8 hours,Every night,Good,Always,Always,Always,Severe impact,Often (5-6 times a week),Every day,Every day,Extremely high stress,Poor
2024-10-26 14:07:15.0000000,Third year,Female,Every night,7-8 hours,Every night,Very good,Often,Often,Often (3-4 times a week),Major impact,Every night,Every day,Often (5-6 times a week),High stress,Average
2024-10-26 14:07:40.0000000,Graduate student,Male,Often (5-6 times a week),7-8 hours,Often (5-6 times a week),Good,Always,Often,Sometimes (1-2 times a week),Moderate impact,Often (5-6 times a week),Often (5-6 times a week),Sometimes (3-4 times a week),High stress,Below Average
2024-10-26 14:07:56.0000000,Second year,Female,Every night,7-8 hours,Often (5-6 times a week),Good,Often,Often,Sometimes (1-2 times a week),Major impact,Often (5-6 times a week),Often (5-6 times a week),Every day,Extremely high stress,Below Average
2024-10-26 14:08:15.0000000,Third year,Male,Often (5-6 times a week),7-8 hours,Every night,Very good,Often,Often,Often (3-4 times a week),Severe impact,Often (5-6 times a week),Every day,Every day,Extremely high stress,Below Average
2024-10-26 14:08:31.0000000,Third year,Male,Every night,More than 8 hours,Every night,Very good,Always,Often,Always,Major impact,Often (5-6 times a week),Every day,Every day,High stress,Poor
2024-10-26 14:08:46.0000000,Third year,Male,Often (5-6 times a week),More than 8 hours,Every night,Very good,Always,Always,Always,Severe impact,Every night,Every day,Every day,Extremely high stress,Poor
2024-10-26 14:09:03.0000000,Third year,Male,Often (5-6 times a week),7-8 hours,Often (5-6 times a week),Good,Often,Always,Always,Major impact,Often (5-6 times a week),Every day,Every day,Extremely high stress,Average
2024-10-26 14:09:21.0000000,Graduate student,Male,Every night,More than 8 hours,Often (5-6 times a week),Very good,Often,Always,Always,Severe impact,Often (5-6 times a week),Every day,Often (5-6 times a week),High stress,Average
2024-10-26 14:09:45.0000000,Graduate student,Male,Every night,More than 8 hours,Often (5-6 times a week),Very good,Often,Always,Often (3-4 times a week),Severe impact,Often (5-6 times a week),Every day,Every day,Extremely high stress,Poor
2024-10-26 14:10:09.0000000,Third year,Female,Every night,7-8 hours,Often (5-6 times a week),Good,Often,Always,Always,Major impact,Every night,Often (5-6 times a week),Often (5-6 times a week),High stress,Below Average
2024-10-26 14:10:57.0000000,Graduate student,Male,Often (5-6 times a week),7-8 hours,Often (5-6 times a week),Good,Always,Always,Always,Major impact,Often (5-6 times a week),Often (5-6 times a week),Every day,Extremely high stress,Below Average
2024-10-26 14:11:17.0000000,Third year,Male,Often (5-6 times a week),More than 8 hours,Often (5-6 times a week),Very good,Always,Always,Always,Major impact,Often (5-6 times a week),Often (5-6 times a week),Sometimes (3-4 times a week),High stress,Below Average
2024-10-26 14:11:50.0000000,Third year,Female,Often (5-6 times a week),More than 8 hours,Every night,Good,Always,Always,Always,Major impact,Every night,Often (5-6 times a week),Often (5-6 times a week),High stress,Below Average
2024-10-26 14:12:07.0000000,Third year,Male,Often (5-6 times a week),7-8 hours,Often (5-6 times a week),Good,Often,Always,Sometimes (1-2 times a week),Severe impact,Often (5-6 times a week),Often (5-6 times a week),Often (5-6 times a week),High stress,Below Average
2024-10-26 14:12:24.0000000,Graduate student,Male,Every night,More than 8 hours,Sometimes (3-4 times a week),Good,Often,Often,Always,Major impact,Often (5-6 times a week),Every day,Often (5-6 times a week),High stress,Below Average
2024-10-26 14:12:42.0000000,Graduate student,Female,Often (5-6 times a week),More than 8 hours,Every night,Very good,Often,Often,Often (3-4 times a week),Severe impact,Often (5-6 times a week),Often (5-6 times a week),Often (5-6 times a week),Extremely high stress,Below Average
2024-10-26 14:13:50.0000000,Graduate student,Female,Often (5-6 times a week),7-8 hours,Often (5-6 times a week),Very good,Always,Always,Always,Major impact,Every night,Often (5-6 times a week),Every day,Extremely high stress,Poor
2024-10-26 14:14:11.0000000,Third year,Male,Often (5-6 times a week),7-8 hours,Often (5-6 times a week),Good,Often,Often,Often (3-4 times a week),Major impact,Often (5-6 times a week),Often (5-6 times a week),Every day,Extremely high stress,Poor
2024-10-26 14:14:29.0000000,Graduate student,Male,Every night,More than 8 hours,Often (5-6 times a week),Good,Always,Always,Often (3-4 times a week),Severe impact,Every night,Every day,Often (5-6 times a week),Extremely high stress,Below Average
2024-10-26 14:16:13.0000000,Third year,Female,Every night,7-8 hours,Often (5-6 times a week),Good,Often,Often,Often (3-4 times a week),Major impact,Sometimes (3-4 times a week),Often (5-6 times a week),Often (5-6 times a week),Extremely high stress,Below Average
2024-10-26 14:16:58.0000000,Graduate student,Male,Often (5-6 times a week),7-8 hours,Every night,Good,Often,Often,Always,Major impact,Every night,Often (5-6 times a week),Every day,Extremely high stress,Below Average
2024-10-26 14:17:27.0000000,Third year,Female,Often (5-6 times a week),7-8 hours,Every night,Good,Often,Always,Always,Major impact,Often (5-6 times a week),Every day,Often (5-6 times a week),Extremely high stress,Below Average
2024-10-26 14:17:51.0000000,Third year,Male,Every night,More than 8 hours,Often (5-6 times a week),Very good,Always,Always,Often (3-4 times a week),Major impact,Often (5-6 times a week),Often (5-6 times a week),Often (5-6 times a week),High stress,Poor
2024-10-26 14:18:44.0000000,Third year,Male,Often (5-6 times a week),7-8 hours,Often (5-6 times a week),Good,Often,Often,Often (3-4 times a week),Major impact,Often (5-6 times a week),Often (5-6 times a week),Every day,High stress,Poor
2024-10-26 14:19:10.0000000,Third year,Male,Often (5-6 times a week),7-8 hours,Often (5-6 times a week),Very good,Always,Often,Often (3-4 times a week),Major impact,Often (5-6 times a week),Every day,Often (5-6 times a week),High stress,Below Average
2024-10-26 14:19:32.0000000,Third year,Female,Every night,7-8 hours,Often (5-6 times a week),Good,Often,Often,Often (3-4 times a week),Major impact,Often (5-6 times a week),Often (5-6 times a week),Every day,Extremely high stress,Below Average
2024-10-26 14:19:54.0000000,Graduate student,Male,Every night,7-8 hours,Every night,Good,Often,Often,Often (3-4 times a week),Major impact,Every night,Every day,Every day,High stress,Poor
2024-10-26 14:22:58.0000000,Graduate student,Male,Often (5-6 times a week),7-8 hours,Often (5-6 times a week),Good,Often,Often,Often (3-4 times a week),Major impact,Often (5-6 times a week),Often (5-6 times a week),Every day,Extremely high stress,Below Average
2024-10-26 14:23:32.0000000,Graduate student,Male,Every night,More than 8 hours,Every night,Good,Often,Often,Often (3-4 times a week),Major impact,Often (5-6 times a week),Often (5-6 times a week),Every day,Extremely high stress,Below Average
2024-10-26 14:24:07.0000000,Third year,Male,Every night,More than 8 hours,Often (5-6 times a week),Good,Often,Often,Always,Severe impact,Every night,Every day,Every day,Extremely high stress,Below Average
2024-10-26 14:24:32.0000000,Graduate student,Male,Every night,More than 8 hours,Often (5-6 times a week),Good,Often,Often,Always,Severe impact,Often (5-6 times a week),Often (5-6 times a week),Often (5-6 times a week),Extremely high stress,Poor
2024-10-26 14:27:32.0000000,Graduate student,Male,Every night,7-8 hours,Every night,Very good,Often,Often,Often (3-4 times a week),Major impact,Every night,Every day,Every day,High stress,Poor
2024-10-26 14:27:50.0000000,Graduate student,Male,Every night,More than 8 hours,Every night,Very good,Often,Often,Always,Severe impact,Often (5-6 times a week),Every day,Often (5-6 times a week),Extremely high stress,Poor
2024-10-26 14:28:07.0000000,Graduate student,Male,Every night,More than 8 hours,Every night,Very good,Often,Always,Always,Major impact,Every night,Every day,Often (5-6 times a week),Extremely high stress,Poor
2024-10-26 14:28:24.0000000,Graduate student,Female,Every night,7-8 hours,Often (5-6 times a week),Very good,Always,Always,Often (3-4 times a week),Major impact,Often (5-6 times a week),Often (5-6 times a week),Every day,Extremely high stress,Poor
2024-10-26 14:28:44.0000000,Graduate student,Female,Every night,More than 8 hours,Every night,Very good,Always,Often,Often (3-4 times a week),Severe impact,Often (5-6 times a week),Often (5-6 times a week),Often (5-6 times a week),Extremely high stress,Poor
2024-10-26 14:29:03.0000000,Graduate student,Male,Every night,More than 8 hours,Often (5-6 times a week),Very good,Often,Always,Often (3-4 times a week),Major impact,Often (5-6 times a week),Often (5-6 times a week),Often (5-6 times a week),High stress,Below Average
2024-10-26 14:29:20.0000000,Graduate student,Male,Every night,More than 8 hours,Often (5-6 times a week),Very good,Often,Sometimes,Often (3-4 times a week),Severe impact,Every night,Often (5-6 times a week),Every day,Extremely high stress,Below Average
2024-10-26 14:34:28.0000000,Graduate student,Male,Every night,More than 8 hours,Often (5-6 times a week),Good,Often,Often,Often (3-4 times a week),Major impact,Often (5-6 times a week),Every day,Every day,High stress,Below Average
2024-10-26 14:35:27.0000000,Second year,Female,Often (5-6 times a week),More than 8 hours,Every night,Very good,Often,Often,Always,Severe impact,Every night,Every day,Every day,Extremely high stress,Poor
2024-10-26 14:36:23.0000000,Graduate student,Female,Every night,More than 8 hours,Every night,Very good,Always,Always,Often (3-4 times a week),Severe impact,Often (5-6 times a week),Every day,Every day,Extremely high stress,Below Average
2024-10-26 15:25:18.0000000,Graduate student,Male,Often (5-6 times a week),7-8 hours,Often (5-6 times a week),Very good,Often,Often,Often (3-4 times a week),Moderate impact,Often (5-6 times a week),Often (5-6 times a week),Often (5-6 times a week),High stress,Below Average
2024-10-26 15:25:36.0000000,Third year,Female,Often (5-6 times a week),7-8 hours,Often (5-6 times a week),Very good,Often,Often,Always,Severe impact,Every night,Often (5-6 times a week),Often (5-6 times a week),Extremely high stress,Below Average
2024-10-26 15:26:02.0000000,Graduate student,Female,Often (5-6 times a week),7-8 hours,Often (5-6 times a week),Average,Sometimes,Sometimes,Sometimes (1-2 times a week),Severe impact,Often (5-6 times a week),Often (5-6 times a week),Often (5-6 times a week),Extremely high stress,Below Average
2024-10-26 15:26:47.0000000,Graduate student,Male,Often (5-6 times a week),7-8 hours,Often (5-6 times a week),Very poor,Always,Often,Often (3-4 times a week),Major impact,Often (5-6 times a week),Often (5-6 times a week),Every day,High stress,Below Average
2024-10-26 15:27:12.0000000,Graduate student,Female,Sometimes (3-4 times a week),7-8 hours,Often (5-6 times a week),Very poor,Often,Often,Often (3-4 times a week),Major impact,Often (5-6 times a week),Often (5-6 times a week),Often (5-6 times a week),High stress,Below Average
2024-10-26 15:27:34.0000000,Graduate student,Male,Often (5-6 times a week),7-8 hours,Often (5-6 times a week),Poor,Often,Often,Often (3-4 times a week),Major impact,Often (5-6 times a week),Often (5-6 times a week),Often (5-6 times a week),High stress,Below Average
2024-10-26 15:27:56.0000000,Graduate student,Male,Often (5-6 times a week),7-8 hours,Often (5-6 times a week),Very poor,Often,Always,Often (3-4 times a week),Major impact,Often (5-6 times a week),Often (5-6 times a week),Often (5-6 times a week),High stress,Poor
2024-10-26 15:28:17.0000000,Graduate student,Female,Often (5-6 times a week),7-8 hours,Every night,Poor,Sometimes,Always,Often (3-4 times a week),Major impact,Often (5-6 times a week),Often (5-6 times a week),Often (5-6 times a week),High stress,Below Average
2024-10-26 15:28:49.0000000,Graduate student,Male,Every night,7-8 hours,Sometimes (3-4 times a week),Very poor,Often,Often,Often (3-4 times a week),Major impact,Often (5-6 times a week),Often (5-6 times a week),Every day,Extremely high stress,Below Average
2024-10-26 15:29:24.0000000,Graduate student,Male,Often (5-6 times a week),More than 8 hours,Sometimes (3-4 times a week),Very poor,Always,Always,Sometimes (1-2 times a week),Major impact,Sometimes (3-4 times a week),Often (5-6 times a week),Often (5-6 times a week),High stress,Below Average
2024-10-26 15:55:54.0000000,Third year,Male,Often (5-6 times a week),7-8 hours,Often (5-6 times a week),Very poor,Always,Often,Always,Major impact,Often (5-6 times a week),Every day,Every day,Extremely high stress,Poor
2024-10-26 15:56:16.0000000,First year,Male,Every night,More than 8 hours,Often (5-6 times a week),Very poor,Always,Often,Always,Severe impact,Often (5-6 times a week),Every day,Every day,Extremely high stress,Poor
2024-10-26 15:56:35.0000000,Third year,Male,Every night,More than 8 hours,Often (5-6 times a week),Very poor,Always,Often,Often (3-4 times a week),Major impact,Often (5-6 times a week),Every day,Often (5-6 times a week),High stress,Poor
2024-10-26 15:56:57.0000000,Graduate student,Male,Every night,More than 8 hours,Every night,Very poor,Always,Always,Always,Severe impact,Often (5-6 times a week),Every day,Often (5-6 times a week),High stress,Poor
2024-10-26 15:57:17.0000000,Graduate student,Male,Often (5-6 times a week),More than 8 hours,Often (5-6 times a week),Very poor,Often,Always,Always,Severe impact,Often (5-6 times a week),Every day,Every day,Extremely high stress,Poor
2024-10-26 15:57:40.0000000,Graduate student,Male,Every night,7-8 hours,Sometimes (3-4 times a week),Very poor,Always,Often,Often (3-4 times a week),Severe impact,Every night,Every day,Every day,Extremely high stress,Poor
2024-10-26 15:58:02.0000000,Graduate student,Female,Every night,More than 8 hours,Every night,Very poor,Often,Always,Often (3-4 times a week),Severe impact,Every night,Every day,Often (5-6 times a week),Extremely high stress,Poor
2024-10-26 15:58:31.0000000,Graduate student,Male,Every night,More than 8 hours,Every night,Very poor,Always,Always,Always,Major impact,Every night,Every day,Every day,Extremely high stress,Poor
2024-10-26 15:58:52.0000000,Graduate student,Male,Every night,More than 8 hours,Every night,Very poor,Always,Always,Always,Severe impact,Every night,Every day,Every day,Extremely high stress,Poor
2024-10-26 15:59:25.0000000,Graduate student,Female,Every night,More than 8 hours,Often (5-6 times a week),Very poor,Always,Always,Always,Severe impact,Every night,Every day,Every day,Extremely high stress,Poor
2024-10-26 15:59:42.0000000,Graduate student,Male,Every night,7-8 hours,Every night,Very poor,Often,Often,Often (3-4 times a week),Severe impact,Every night,Every day,Every day,Extremely high stress,Poor
2024-10-26 16:00:18.0000000,Graduate student,Female,Often (5-6 times a week),7-8 hours,Often (5-6 times a week),Very poor,Often,Always,Always,Severe impact,Every night,Often (5-6 times a week),Often (5-6 times a week),Extremely high stress,Poor
2024-10-26 16:00:42.0000000,Graduate student,Female,Every night,More than 8 hours,Every night,Very poor,Always,Always,Always,Severe impact,Every night,Every day,Often (5-6 times a week),Extremely high stress,Poor
2024-10-26 16:01:05.0000000,Graduate student,Male,Every night,More than 8 hours,Every night,Very poor,Always,Always,Always,Major impact,Every night,Every day,Every day,Extremely high stress,Poor
2024-10-26 16:01:23.0000000,Graduate student,Female,Every night,More than 8 hours,Every night,Very poor,Always,Always,Always,Severe impact,Every night,Every day,Every day,Extremely high stress,Poor
2024-10-26 16:01:42.0000000,Graduate student,Female,Every night,More than 8 hours,Often (5-6 times a week),Very poor,Always,Always,Often (3-4 times a week),Major impact,Every night,Every day,Often (5-6 times a week),Extremely high stress,Poor
2024-10-26 16:02:06.0000000,Graduate student,Male,Every night,More than 8 hours,Often (5-6 times a week),Very poor,Always,Always,Often (3-4 times a week),Severe impact,Every night,Every day,Every day,Extremely high stress,Poor
2024-10-26 16:02:31.0000000,Graduate student,Male,Every night,More than 8 hours,Often (5-6 times a week),Very poor,Always,Often,Always,Severe impact,Every night,Every day,Every day,Extremely high stress,Poor
2024-10-26 16:03:09.0000000,Third year,Female,Every night,More than 8 hours,Every night,Very poor,Always,Often,Always,Severe impact,Every night,Every day,Every day,Extremely high stress,Poor
2024-10-26 16:03:28.0000000,Third year,Male,Every night,7-8 hours,Every night,Very poor,Always,Always,Always,Severe impact,Every night,Every day,Every day,Extremely high stress,Poor
2024-10-26 16:04:19.0000000,Third year,Male,Every night,More than 8 hours,Every night,Very poor,Always,Always,Always,Severe impact,Often (5-6 times a week),Every day,Often (5-6 times a week),Extremely high stress,Poor
2024-10-26 16:04:38.0000000,Graduate student,Male,Every night,More than 8 hours,Every night,Very poor,Always,Always,Always,Severe impact,Every night,Every day,Every day,Extremely high stress,Poor
2024-10-26 16:04:56.0000000,Graduate student,Male,Every night,More than 8 hours,Every night,Very poor,Always,Always,Always,Severe impact,Often (5-6 times a week),Every day,Every day,Extremely high stress,Poor
2024-10-26 16:05:17.0000000,Graduate student,Male,Every night,More than 8 hours,Every night,Very poor,Often,Always,Always,Major impact,Every night,Every day,Every day,Extremely high stress,Poor
2024-10-26 16:07:55.0000000,Graduate student,Male,Every night,More than 8 hours,Every night,Very poor,Always,Always,Always,Severe impact,Every night,Every day,Every day,Extremely high stress,Poor
2024-10-26 16:08:15.0000000,Graduate student,Male,Every night,More than 8 hours,Every night,Very poor,Always,Always,Always,Severe impact,Every night,Every day,Every day,Extremely high stress,Poor
2024-10-26 16:09:58.0000000,Graduate student,Male,Every night,More than 8 hours,Every night,Very poor,Always,Always,Always,Severe impact,Every night,Every day,Every day,Extremely high stress,Poor
2024-10-26 16:10:19.0000000,Third year,Female,Every night,More than 8 hours,Every night,Very poor,Always,Always,Always,Severe impact,Every night,Every day,Every day,Extremely high stress,Poor
2024-10-26 16:10:40.0000000,Graduate student,Female,Every night,More than 8 hours,Every night,Very poor,Always,Always,Always,Severe impact,Every night,Every day,Every day,Extremely high stress,Poor
2024-10-26 16:12:18.0000000,Third year,Male,Every night,More than 8 hours,Often (5-6 times a week),Very poor,Always,Often,Often (3-4 times a week),Major impact,Every night,Every day,Sometimes (3-4 times a week),Extremely high stress,Below Average
2024-10-26 16:12:51.0000000,First year,Male,Every night,More than 8 hours,Every night,Very poor,Always,Always,Often (3-4 times a week),Major impact,Often (5-6 times a week),Often (5-6 times a week),Sometimes (3-4 times a week),High stress,Poor
2024-10-26 16:13:21.0000000,Third year,Male,Often (5-6 times a week),7-8 hours,Often (5-6 times a week),Very poor,Always,Often,Often (3-4 times a week),Severe impact,Every night,Often (5-6 times a week),Often (5-6 times a week),Extremely high stress,Poor
2024-10-26 16:13:51.0000000,Graduate student,Male,Every night,More than 8 hours,Often (5-6 times a week),Very poor,Often,Often,Never,Major impact,Sometimes (3-4 times a week),Often (5-6 times a week),Sometimes (3-4 times a week),Extremely high stress,Poor
2024-10-26 16:14:26.0000000,Third year,Female,Every night,7-8 hours,Often (5-6 times a week),Very poor,Often,Often,Often (3-4 times a week),Major impact,Often (5-6 times a week),Every day,Often (5-6 times a week),High stress,Below Average
2024-10-26 16:14:45.0000000,Third year,Male,Often (5-6 times a week),7-8 hours,Often (5-6 times a week),Very poor,Often,Often,Often (3-4 times a week),Major impact,Often (5-6 times a week),Often (5-6 times a week),Often (5-6 times a week),Extremely high stress,Poor
2024-10-26 16:15:09.0000000,Graduate student,Male,Every night,7-8 hours,Often (5-6 times a week),Very poor,Often,Often,Often (3-4 times a week),Major impact,Often (5-6 times a week),Often (5-6 times a week),Often (5-6 times a week),High stress,Poor
2024-10-26 16:19:38.0000000,Graduate student,Male,Every night,More than 8 hours,Every night,Very poor,Always,Often,Always,Severe impact,Every night,Every day,Sometimes (3-4 times a week),Extremely high stress,Poor
2024-10-26 16:20:00.0000000,Graduate student,Female,Often (5-6 times a week),7-8 hours,Often (5-6 times a week),Very poor,Often,Always,Often (3-4 times a week),Severe impact,Often (5-6 times a week),Often (5-6 times a week),Often (5-6 times a week),High stress,Below Average
2024-10-26 16:20:31.0000000,Third year,Male,Often (5-6 times a week),7-8 hours,Often (5-6 times a week),Very poor,Often,Often,Often (3-4 times a week),Major impact,Every night,Every day,Rarely (1-2 times a week),Extremely high stress,Poor
2024-10-26 16:21:08.0000000,Third year,Male,Every night,More than 8 hours,Often (5-6 times a week),Very poor,Often,Often,Often (3-4 times a week),Moderate impact,Every night,Often (5-6 times a week),Rarely (1-2 times a week),High stress,Poor
2024-10-26 16:21:38.0000000,Second year,Male,Often (5-6 times a week),7-8 hours,Often (5-6 times a week),Very poor,Often,Often,Often (3-4 times a week),Major impact,Often (5-6 times a week),Often (5-6 times a week),Rarely (1-2 times a week),High stress,Below Average
2024-10-26 16:21:59.0000000,Graduate student,Male,Every night,7-8 hours,Often (5-6 times a week),Very poor,Often,Often,Often (3-4 times a week),Major impact,Often (5-6 times a week),Often (5-6 times a week),Often (5-6 times a week),Extremely high stress,Poor
2024-10-26 16:23:03.0000000,Third year,Male,Every night,More than 8 hours,Often (5-6 times a week),Very poor,Often,Often,Often (3-4 times a week),Major impact,Often (5-6 times a week),Often (5-6 times a week),Rarely (1-2 times a week),Extremely high stress,Poor
2024-10-26 16:23:24.0000000,Graduate student,Male,Every night,7-8 hours,Every night,Very poor,Often,Always,Always,Major impact,Every night,Every day,Every day,High stress,Below Average
2024-10-26 16:23:51.0000000,Graduate student,Male,Often (5-6 times a week),7-8 hours,Often (5-6 times a week),Very poor,Often,Always,Often (3-4 times a week),Severe impact,Every night,Often (5-6 times a week),Often (5-6 times a week),High stress,Poor
2024-10-26 16:24:13.0000000,Graduate student,Female,Often (5-6 times a week),7-8 hours,Often (5-6 times a week),Very poor,Often,Often,Often (3-4 times a week),Major impact,Often (5-6 times a week),Every day,Often (5-6 times a week),High stress,Poor
2024-10-26 16:28:54.0000000,Third year,Female,Often (5-6 times a week),More than 8 hours,Often (5-6 times a week),Very poor,Always,Often,Often (3-4 times a week),Severe impact,Every night,Often (5-6 times a week),Every day,Extremely high stress,Below Average
2024-10-26 16:29:16.0000000,Third year,Male,Often (5-6 times a week),More than 8 hours,Often (5-6 times a week),Very poor,Often,Often,Often (3-4 times a week),Major impact,Often (5-6 times a week),Often (5-6 times a week),Often (5-6 times a week),High stress,Excellent
2024-10-26 16:29:57.0000000,Third year,Male,Every night,7-8 hours,Often (5-6 times a week),Very poor,Often,Often,Often (3-4 times a week),Major impact,Often (5-6 times a week),Often (5-6 times a week),Often (5-6 times a week),High stress,Poor
2024-10-26 16:30:27.0000000,Third year,Male,Often (5-6 times a week),7-8 hours,Often (5-6 times a week),Very poor,Often,Often,Often (3-4 times a week),Major impact,Often (5-6 times a week),Often (5-6 times a week),Rarely (1-2 times a week),High stress,Below Average
2024-10-26 16:30:51.0000000,Third year,Male,Often (5-6 times a week),7-8 hours,Often (5-6 times a week),Very poor,Always,Often,Often (3-4 times a week),Major impact,Often (5-6 times a week),Often (5-6 times a week),Often (5-6 times a week),High stress,Poor
2024-10-26 16:31:14.0000000,Graduate student,Male,Every night,7-8 hours,Every night,Very poor,Always,Often,Often (3-4 times a week),Major impact,Often (5-6 times a week),Often (5-6 times a week),Often (5-6 times a week),High stress,Poor
2024-10-26 16:31:35.0000000,Graduate student,Male,Every night,7-8 hours,Often (5-6 times a week),Very poor,Always,Often,Often (3-4 times a week),Major impact,Often (5-6 times a week),Often (5-6 times a week),Often (5-6 times a week),Extremely high stress,Poor
2024-10-26 16:31:55.0000000,Third year,Male,Every night,7-8 hours,Every night,Very poor,Always,Always,Often (3-4 times a week),Severe impact,Often (5-6 times a week),Often (5-6 times a week),Every day,Extremely high stress,Poor
2024-10-26 16:32:15.0000000,Graduate student,Female,Every night,More than 8 hours,Often (5-6 times a week),Very poor,Often,Often,Always,Moderate impact,Sometimes (3-4 times a week),Sometimes (3-4 times a week),Sometimes (3-4 times a week),High stress,Below Average
2024-10-26 16:39:11.0000000,Third year,Male,Often (5-6 times a week),More than 8 hours,Often (5-6 times a week),Very poor,Often,Often,Often (3-4 times a week),Major impact,Never,Sometimes (3-4 times a week),Sometimes (3-4 times a week),High stress,Poor
2024-10-26 16:39:36.0000000,Third year,Male,Every night,7-8 hours,Often (5-6 times a week),Very poor,Often,Sometimes,Often (3-4 times a week),Major impact,Often (5-6 times a week),Often (5-6 times a week),Often (5-6 times a week),High stress,Average
2024-10-26 16:40:00.0000000,Graduate student,Male,Often (5-6 times a week),7-8 hours,Often (5-6 times a week),Very poor,Often,Often,Often (3-4 times a week),Major impact,Often (5-6 times a week),Often (5-6 times a week),Sometimes (3-4 times a week),High stress,Below Average
2024-10-26 16:40:21.0000000,Third year,Female,Every night,7-8 hours,Every night,Very poor,Often,Always,Often (3-4 times a week),Major impact,Every night,Often (5-6 times a week),Often (5-6 times a week),Extremely high stress,Below Average
2024-10-26 16:40:42.0000000,Third year,Male,Often (5-6 times a week),6-7 hours,Often (5-6 times a week),Very poor,Often,Often,Often (3-4 times a week),Major impact,Often (5-6 times a week),Often (5-6 times a week),Often (5-6 times a week),High stress,Below Average
2024-10-26 16:41:02.0000000,Graduate student,Male,Often (5-6 times a week),7-8 hours,Often (5-6 times a week),Very poor,Always,Often,Often (3-4 times a week),Severe impact,Often (5-6 times a week),Often (5-6 times a week),Often (5-6 times a week),High stress,Below Average
2024-10-26 16:41:22.0000000,Graduate student,Male,Often (5-6 times a week),7-8 hours,Sometimes (3-4 times a week),Very poor,Always,Often,Often (3-4 times a week),Major impact,Often (5-6 times a week),Often (5-6 times a week),Sometimes (3-4 times a week),High stress,Poor
2024-10-26 16:41:43.0000000,Third year,Male,Often (5-6 times a week),7-8 hours,Often (5-6 times a week),Very poor,Often,Often,Often (3-4 times a week),Major impact,Often (5-6 times a week),Often (5-6 times a week),Often (5-6 times a week),High stress,Below Average
2024-10-26 16:42:02.0000000,Third year,Male,Every night,7-8 hours,Often (5-6 times a week),Very poor,Often,Often,Often (3-4 times a week),Major impact,Often (5-6 times a week),Often (5-6 times a week),Sometimes (3-4 times a week),Extremely high stress,Poor
2024-10-26 16:42:19.0000000,Third year,Male,Often (5-6 times a week),7-8 hours,Often (5-6 times a week),Very poor,Often,Often,Often (3-4 times a week),Major impact,Often (5-6 times a week),Often (5-6 times a week),Often (5-6 times a week),High stress,Poor
2024-10-26 16:42:41.0000000,Graduate student,Male,Often (5-6 times a week),7-8 hours,Often (5-6 times a week),Very poor,Often,Often,Often (3-4 times a week),Moderate impact,Every night,Often (5-6 times a week),Often (5-6 times a week),High stress,Poor
2024-10-26 16:43:00.0000000,Graduate student,Male,Often (5-6 times a week),7-8 hours,Often (5-6 times a week),Very poor,Often,Often,Always,Major impact,Often (5-6 times a week),Often (5-6 times a week),Often (5-6 times a week),High stress,Below Average
2024-10-26 16:43:18.0000000,Graduate student,Male,Every night,More than 8 hours,Often (5-6 times a week),Very poor,Always,Often,Often (3-4 times a week),Severe impact,Often (5-6 times a week),Every day,Often (5-6 times a week),High stress,Poor
2024-10-26 16:43:39.0000000,Third year,Female,Often (5-6 times a week),More than 8 hours,Often (5-6 times a week),Very poor,Always,Often,Often (3-4 times a week),Major impact,Every night,Often (5-6 times a week),Often (5-6 times a week),Extremely high stress,Poor
2024-10-26 16:43:56.0000000,Graduate student,Male,Often (5-6 times a week),7-8 hours,Often (5-6 times a week),Very poor,Often,Often,Always,Severe impact,Every night,Often (5-6 times a week),Often (5-6 times a week),Extremely high stress,Poor
2024-10-26 16:44:13.0000000,Third year,Male,Often (5-6 times a week),7-8 hours,Often (5-6 times a week),Very poor,Often,Often,Always,Major impact,Every night,Every day,Often (5-6 times a week),High stress,Below Average
2024-10-26 16:47:13.0000000,Graduate student,Male,Often (5-6 times a week),7-8 hours,Sometimes (3-4 times a week),Very poor,Often,Often,Often (3-4 times a week),Major impact,Often (5-6 times a week),Often (5-6 times a week),Often (5-6 times a week),High stress,Below Average
2024-10-26 16:47:35.0000000,Graduate student,Male,Often (5-6 times a week),7-8 hours,Often (5-6 times a week),Very poor,Often,Often,Often (3-4 times a week),Major impact,Sometimes (3-4 times a week),Often (5-6 times a week),Sometimes (3-4 times a week),High stress,Poor
2024-10-26 16:48:43.0000000,Third year,Male,Often (5-6 times a week),7-8 hours,Often (5-6 times a week),Very poor,Often,Often,Often (3-4 times a week),Moderate impact,Often (5-6 times a week),Often (5-6 times a week),Often (5-6 times a week),High stress,Poor
2024-10-26 16:49:03.0000000,Third year,Male,Often (5-6 times a week),7-8 hours,Often (5-6 times a week),Very poor,Often,Often,Sometimes (1-2 times a week),Major impact,Often (5-6 times a week),Often (5-6 times a week),Often (5-6 times a week),High stress,Below Average
2024-10-26 16:49:24.0000000,First year,Male,Often (5-6 times a week),7-8 hours,Often (5-6 times a week),Very poor,Often,Often,Often (3-4 times a week),Major impact,Often (5-6 times a week),Often (5-6 times a week),Often (5-6 times a week),High stress,Below Average
2024-11-06 19:04:36.0000000,Third year,Male,Often (5-6 times a week),7-8 hours,Often (5-6 times a week),Poor,Often,Always,Always,Severe impact,Every night,Every day,Every day,High stress,Poor
2024-10-26 16:49:48.0000000,Graduate student,Male,Often (5-6 times a week),7-8 hours,Often (5-6 times a week),Very poor,Often,Often,Often (3-4 times a week),Major impact,Often (5-6 times a week),Often (5-6 times a week),Often (5-6 times a week),High stress,Below Average
2024-10-26 16:52:42.0000000,Third year,Female,Often (5-6 times a week),7-8 hours,Often (5-6 times a week),Very poor,Sometimes,Often,Often (3-4 times a week),Major impact,Often (5-6 times a week),Often (5-6 times a week),Often (5-6 times a week),High stress,Below Average
2024-10-26 16:53:29.0000000,Third year,Male,Often (5-6 times a week),7-8 hours,Often (5-6 times a week),Very poor,Often,Often,Often (3-4 times a week),Major impact,Often (5-6 times a week),Often (5-6 times a week),Often (5-6 times a week),High stress,Poor
2024-10-26 16:53:48.0000000,Third year,Male,Often (5-6 times a week),7-8 hours,Often (5-6 times a week),Very poor,Often,Often,Often (3-4 times a week),Major impact,Every night,Often (5-6 times a week),Often (5-6 times a week),Extremely high stress,Below Average
2024-10-26 16:54:11.0000000,Third year,Male,Every night,7-8 hours,Often (5-6 times a week),Very poor,Often,Often,Often (3-4 times a week),Severe impact,Every night,Often (5-6 times a week),Often (5-6 times a week),Extremely high stress,Poor
2024-10-26 17:06:19.0000000,Graduate student,Male,Sometimes (3-4 times a week),7-8 hours,Often (5-6 times a week),Very poor,Often,Often,Often (3-4 times a week),Major impact,Often (5-6 times a week),Every day,Often (5-6 times a week),High stress,Below Average
2024-10-27 00:41:18.0000000,Third year,Male,Often (5-6 times a week),7-8 hours,Every night,Very poor,Often,Often,Often (3-4 times a week),Moderate impact,Often (5-6 times a week),Every day,Sometimes (3-4 times a week),High stress,Poor
2024-10-27 00:45:51.0000000,Third year,Male,Every night,7-8 hours,Often (5-6 times a week),Very poor,Always,Often,Often (3-4 times a week),Major impact,Often (5-6 times a week),Every day,Often (5-6 times a week),Extremely high stress,Poor
2024-10-27 00:47:01.0000000,Graduate student,Female,Often (5-6 times a week),7-8 hours,Often (5-6 times a week),Very poor,Sometimes,Sometimes,Sometimes (1-2 times a week),Moderate impact,Often (5-6 times a week),Often (5-6 times a week),Often (5-6 times a week),High stress,Poor
2024-10-27 00:47:22.0000000,Graduate student,Female,Often (5-6 times a week),7-8 hours,Often (5-6 times a week),Very poor,Often,Often,Often (3-4 times a week),Major impact,Every night,Often (5-6 times a week),Often (5-6 times a week),High stress,Poor
2024-10-27 00:47:39.0000000,Graduate student,Male,Every night,More than 8 hours,Every night,Very good,Always,Always,Often (3-4 times a week),Major impact,Every night,Every day,Every day,Extremely high stress,Poor
2024-10-27 00:47:58.0000000,Third year,Male,Every night,More than 8 hours,Every night,Very poor,Often,Always,Always,Severe impact,Often (5-6 times a week),Every day,Often (5-6 times a week),Extremely high stress,Poor
2024-10-27 00:49:36.0000000,Third year,Male,Often (5-6 times a week),More than 8 hours,Every night,Very poor,Often,Often,Often (3-4 times a week),Major impact,Often (5-6 times a week),Often (5-6 times a week),Often (5-6 times a week),High stress,Poor
2024-10-27 00:49:56.0000000,Graduate student,Male,Every night,7-8 hours,Often (5-6 times a week),Very poor,Often,Always,Often (3-4 times a week),Major impact,Every night,Every day,Often (5-6 times a week),Extremely high stress,Poor
2024-10-27 00:50:23.0000000,Third year,Male,Every night,7-8 hours,Often (5-6 times a week),Very poor,Always,Often,Often (3-4 times a week),Major impact,Every night,Every day,Often (5-6 times a week),Extremely high stress,Poor
2024-10-27 00:50:50.0000000,Third year,Male,Every night,7-8 hours,Often (5-6 times a week),Very poor,Always,Often,Always,Moderate impact,Often (5-6 times a week),Often (5-6 times a week),Often (5-6 times a week),Extremely high stress,Poor
2024-10-27 00:51:10.0000000,Third year,Male,Every night,7-8 hours,Often (5-6 times a week),Very poor,Often,Often,Always,Severe impact,Often (5-6 times a week),Rarely (1-2 times a week),Every day,High stress,Poor
2024-10-27 00:51:32.0000000,Third year,Male,Often (5-6 times a week),7-8 hours,Often (5-6 times a week),Very poor,Often,Always,Often (3-4 times a week),Major impact,Every night,Every day,Every day,Extremely high stress,Poor
2024-10-27 00:51:51.0000000,Graduate student,Male,Often (5-6 times a week),More than 8 hours,Every night,Very poor,Always,Sometimes,Always,Severe impact,Often (5-6 times a week),Often (5-6 times a week),Every day,Extremely high stress,Poor
2024-10-27 00:52:08.0000000,Third year,Male,Often (5-6 times a week),More than 8 hours,Often (5-6 times a week),Very poor,Always,Often,Often (3-4 times a week),Severe impact,Often (5-6 times a week),Often (5-6 times a week),Every day,High stress,Below Average
2024-10-27 00:53:53.0000000,Graduate student,Male,Often (5-6 times a week),More than 8 hours,Often (5-6 times a week),Very poor,Often,Always,Always,Severe impact,Often (5-6 times a week),Often (5-6 times a week),Often (5-6 times a week),Extremely high stress,Poor
2024-10-27 00:54:47.0000000,Graduate student,Female,Every night,More than 8 hours,Every night,Very poor,Always,Always,Often (3-4 times a week),Severe impact,Every night,Every day,Often (5-6 times a week),High stress,Poor
2024-10-27 00:56:04.0000000,Third year,Male,Often (5-6 times a week),7-8 hours,Often (5-6 times a week),Very poor,Always,Often,Always,Major impact,Sometimes (3-4 times a week),Often (5-6 times a week),Every day,Extremely high stress,Poor
2024-10-27 00:56:25.0000000,Third year,Female,Often (5-6 times a week),More than 8 hours,Often (5-6 times a week),Very poor,Always,Sometimes,Often (3-4 times a week),Moderate impact,Often (5-6 times a week),Often (5-6 times a week),Sometimes (3-4 times a week),High stress,Poor
2024-10-27 00:56:43.0000000,Graduate student,Male,Every night,More than 8 hours,Often (5-6 times a week),Very poor,Often,Often,Often (3-4 times a week),Major impact,Sometimes (3-4 times a week),Sometimes (3-4 times a week),Every day,Extremely high stress,Poor
2024-10-27 00:57:55.0000000,Third year,Male,Every night,7-8 hours,Often (5-6 times a week),Very poor,Sometimes,Always,Often (3-4 times a week),Major impact,Often (5-6 times a week),Often (5-6 times a week),Every day,Extremely high stress,Poor
2024-10-27 01:00:46.0000000,Graduate student,Male,Often (5-6 times a week),7-8 hours,Rarely (1-2 times a week),Poor,Always,Always,Always,Major impact,Often (5-6 times a week),Often (5-6 times a week),Every day,High stress,Poor
2024-10-27 01:01:12.0000000,Third year,Male,Never,7-8 hours,Often (5-6 times a week),Very poor,Often,Always,Often (3-4 times a week),Severe impact,Often (5-6 times a week),Every day,Often (5-6 times a week),High stress,Poor
2024-10-27 01:01:30.0000000,Third year,Male,Every night,7-8 hours,Every night,Very poor,Often,Always,Often (3-4 times a week),Major impact,Every night,Often (5-6 times a week),Often (5-6 times a week),Extremely high stress,Below Average
2024-10-27 01:01:49.0000000,Graduate student,Female,Every night,7-8 hours,Every night,Very poor,Often,Often,Often (3-4 times a week),Severe impact,Often (5-6 times a week),Often (5-6 times a week),Every day,Extremely high stress,Poor
2024-10-27 01:02:11.0000000,Graduate student,Male,Every night,7-8 hours,Every night,Very poor,Often,Often,Often (3-4 times a week),Major impact,Often (5-6 times a week),Every day,Every day,High stress,Below Average
2024-10-27 01:02:31.0000000,Graduate student,Male,Often (5-6 times a week),More than 8 hours,Often (5-6 times a week),Very poor,Often,Often,Often (3-4 times a week),Major impact,Sometimes (3-4 times a week),Often (5-6 times a week),Every day,Extremely high stress,Poor
2024-10-27 01:02:59.0000000,Third year,Female,Often (5-6 times a week),More than 8 hours,Often (5-6 times a week),Very poor,Often,Often,Always,Moderate impact,Often (5-6 times a week),Every day,Often (5-6 times a week),Extremely high stress,Below Average
2024-10-27 01:03:27.0000000,Third year,Male,Every night,More than 8 hours,Every night,Very poor,Often,Sometimes,Always,Major impact,Often (5-6 times a week),Often (5-6 times a week),Often (5-6 times a week),High stress,Below Average
2024-11-06 19:04:54.0000000,Graduate student,Male,Every night,7-8 hours,Every night,Poor,Always,Often,Always,Major impact,Every night,Every day,Every day,Extremely high stress,Below Average
2024-10-27 11:04:35.0000000,Graduate student,Male,Often (5-6 times a week),More than 8 hours,Often (5-6 times a week),Very poor,Often,Sometimes,Sometimes (1-2 times a week),Major impact,Every night,Every day,Sometimes (3-4 times a week),Extremely high stress,Below Average
2024-10-27 11:04:55.0000000,Graduate student,Male,Often (5-6 times a week),7-8 hours,Every night,Very poor,Often,Always,Often (3-4 times a week),Major impact,Often (5-6 times a week),Often (5-6 times a week),Every day,High stress,Poor
2024-10-27 11:05:15.0000000,Third year,Male,Every night,7-8 hours,Often (5-6 times a week),Very poor,Often,Always,Always,Severe impact,Often (5-6 times a week),Often (5-6 times a week),Often (5-6 times a week),Extremely high stress,Below Average
2024-10-27 11:05:43.0000000,Third year,Female,Often (5-6 times a week),More than 8 hours,Often (5-6 times a week),Very poor,Often,Sometimes,Always,Severe impact,Often (5-6 times a week),Every day,Every day,High stress,Below Average
2024-10-27 11:06:05.0000000,Third year,Male,Often (5-6 times a week),7-8 hours,Often (5-6 times a week),Very poor,Often,Often,Often (3-4 times a week),Severe impact,Every night,Every day,Every day,High stress,Below Average
2024-10-27 11:06:26.0000000,Graduate student,Male,Every night,7-8 hours,Every night,Very poor,Always,Always,Often (3-4 times a week),Major impact,Every night,Often (5-6 times a week),Every day,Extremely high stress,Poor
2024-10-27 11:06:45.0000000,Graduate student,Male,Often (5-6 times a week),7-8 hours,Often (5-6 times a week),Very poor,Always,Often,Often (3-4 times a week),Major impact,Every night,Every day,Often (5-6 times a week),High stress,Below Average
2024-10-27 11:07:02.0000000,Third year,Male,Often (5-6 times a week),7-8 hours,Often (5-6 times a week),Very poor,Often,Often,Often (3-4 times a week),Severe impact,Every night,Every day,Every day,High stress,Poor
2024-10-27 11:07:22.0000000,Graduate student,Male,Often (5-6 times a week),More than 8 hours,Often (5-6 times a week),Very poor,Often,Often,Often (3-4 times a week),Major impact,Often (5-6 times a week),Every day,Often (5-6 times a week),High stress,Below Average
2024-10-27 11:07:55.0000000,Third year,Male,Often (5-6 times a week),More than 8 hours,Every night,Very poor,Always,Often,Often (3-4 times a week),Major impact,Every night,Often (5-6 times a week),Every day,Extremely high stress,Below Average
2024-10-27 11:08:36.0000000,Graduate student,Male,Often (5-6 times a week),More than 8 hours,Often (5-6 times a week),Very poor,Often,Always,Often (3-4 times a week),Severe impact,Often (5-6 times a week),Often (5-6 times a week),Often (5-6 times a week),High stress,Below Average
2024-10-27 11:08:53.0000000,Third year,Male,Every night,More than 8 hours,Sometimes (3-4 times a week),Very poor,Often,Often,Always,Severe impact,Often (5-6 times a week),Often (5-6 times a week),Every day,Extremely high stress,Below Average
2024-10-27 11:09:15.0000000,Third year,Male,Every night,7-8 hours,Often (5-6 times a week),Very poor,Often,Often,Often (3-4 times a week),Major impact,Often (5-6 times a week),Often (5-6 times a week),Every day,High stress,Below Average
2024-10-27 11:09:32.0000000,Third year,Male,Often (5-6 times a week),7-8 hours,Every night,Very poor,Often,Often,Often (3-4 times a week),Major impact,Often (5-6 times a week),Often (5-6 times a week),Often (5-6 times a week),High stress,Poor
2024-10-27 11:09:50.0000000,Third year,Male,Often (5-6 times a week),7-8 hours,Often (5-6 times a week),Poor,Often,Often,Often (3-4 times a week),Major impact,Often (5-6 times a week),Often (5-6 times a week),Often (5-6 times a week),High stress,Below Average
2024-10-27 11:10:11.0000000,Third year,Female,Often (5-6 times a week),7-8 hours,Often (5-6 times a week),Very poor,Often,Often,Often (3-4 times a week),Major impact,Often (5-6 times a week),Often (5-6 times a week),Sometimes (3-4 times a week),High stress,Below Average
2024-10-27 11:10:30.0000000,Third year,Male,Often (5-6 times a week),7-8 hours,Rarely (1-2 times a week),Poor,Often,Often,Always,Major impact,Often (5-6 times a week),Often (5-6 times a week),Often (5-6 times a week),High stress,Below Average
2024-10-27 11:10:57.0000000,Third year,Male,Often (5-6 times a week),7-8 hours,Often (5-6 times a week),Very poor,Often,Always,Always,Major impact,Often (5-6 times a week),Every day,Often (5-6 times a week),High stress,Below Average
2024-10-27 11:11:19.0000000,Third year,Female,Often (5-6 times a week),7-8 hours,Every night,Poor,Often,Often,Often (3-4 times a week),Severe impact,Every night,Often (5-6 times a week),Often (5-6 times a week),Extremely high stress,Poor
2024-10-27 11:11:41.0000000,Third year,Male,Sometimes (3-4 times a week),7-8 hours,Sometimes (3-4 times a week),Poor,Often,Often,Often (3-4 times a week),Major impact,Often (5-6 times a week),Often (5-6 times a week),Often (5-6 times a week),High stress,Below Average
2024-10-27 11:11:58.0000000,Graduate student,Male,Often (5-6 times a week),7-8 hours,Often (5-6 times a week),Very poor,Often,Often,Often (3-4 times a week),Major impact,Often (5-6 times a week),Often (5-6 times a week),Every day,High stress,Below Average
2024-10-27 11:12:17.0000000,Third year,Female,Often (5-6 times a week),7-8 hours,Often (5-6 times a week),Very poor,Often,Sometimes,Often (3-4 times a week),Major impact,Often (5-6 times a week),Often (5-6 times a week),Often (5-6 times a week),High stress,Below Average
2024-10-27 11:12:34.0000000,Third year,Male,Often (5-6 times a week),7-8 hours,Often (5-6 times a week),Poor,Often,Often,Often (3-4 times a week),Major impact,Often (5-6 times a week),Often (5-6 times a week),Often (5-6 times a week),Extremely high stress,Below Average
2024-10-27 11:12:50.0000000,Third year,Male,Every night,7-8 hours,Often (5-6 times a week),Very poor,Often,Often,Often (3-4 times a week),Major impact,Often (5-6 times a week),Often (5-6 times a week),Often (5-6 times a week),High stress,Below Average
2024-10-27 11:13:11.0000000,Graduate student,Female,Often (5-6 times a week),More than 8 hours,Every night,Very poor,Always,Sometimes,Always,Severe impact,Often (5-6 times a week),Often (5-6 times a week),Often (5-6 times a week),Extremely high stress,Below Average
2024-10-27 11:13:33.0000000,Third year,Male,Often (5-6 times a week),7-8 hours,Often (5-6 times a week),Poor,Sometimes,Often,Often (3-4 times a week),Major impact,Often (5-6 times a week),Often (5-6 times a week),Often (5-6 times a week),High stress,Average
2024-10-27 11:13:56.0000000,Third year,Male,Every night,More than 8 hours,Often (5-6 times a week),Very poor,Often,Often,Often (3-4 times a week),Moderate impact,Often (5-6 times a week),Often (5-6 times a week),Every day,High stress,Below Average
2024-10-27 11:14:28.0000000,Third year,Male,Often (5-6 times a week),More than 8 hours,Often (5-6 times a week),Very poor,Often,Often,Often (3-4 times a week),Major impact,Often (5-6 times a week),Every day,Often (5-6 times a week),Extremely high stress,Below Average
2024-10-27 11:14:47.0000000,Third year,Male,Every night,More than 8 hours,Often (5-6 times a week),Poor,Often,Often,Often (3-4 times a week),Severe impact,Every night,Every day,Every day,Extremely high stress,Poor
2024-10-27 11:15:12.0000000,Second year,Male,Often (5-6 times a week),More than 8 hours,Often (5-6 times a week),Poor,Often,Often,Always,Major impact,Often (5-6 times a week),Often (5-6 times a week),Often (5-6 times a week),High stress,Below Average
2024-10-27 11:15:34.0000000,Third year,Male,Every night,7-8 hours,Often (5-6 times a week),Very poor,Often,Often,Often (3-4 times a week),Major impact,Every night,Every day,Every day,Extremely high stress,Poor
2024-10-27 11:16:08.0000000,Second year,Male,Often (5-6 times a week),6-7 hours,Sometimes (3-4 times a week),Very poor,Often,Always,Often (3-4 times a week),Major impact,Often (5-6 times a week),Every day,Every day,High stress,Poor
2024-10-27 11:16:24.0000000,Third year,Female,Often (5-6 times a week),More than 8 hours,Often (5-6 times a week),Very poor,Often,Often,Always,Major impact,Sometimes (3-4 times a week),Every day,Often (5-6 times a week),Extremely high stress,Below Average
2024-10-27 11:16:43.0000000,Graduate student,Female,Often (5-6 times a week),More than 8 hours,Often (5-6 times a week),Very poor,Always,Often,Often (3-4 times a week),Major impact,Often (5-6 times a week),Every day,Often (5-6 times a week),Extremely high stress,Poor
2024-10-27 11:17:03.0000000,Third year,Male,Often (5-6 times a week),7-8 hours,Often (5-6 times a week),Poor,Always,Always,Often (3-4 times a week),Major impact,Often (5-6 times a week),Often (5-6 times a week),Often (5-6 times a week),Extremely high stress,Poor
2024-10-27 11:17:23.0000000,Third year,Male,Often (5-6 times a week),More than 8 hours,Every night,Poor,Often,Often,Sometimes (1-2 times a week),Major impact,Every night,Often (5-6 times a week),Often (5-6 times a week),Extremely high stress,Below Average
2024-10-27 11:17:41.0000000,Graduate student,Male,Often (5-6 times a week),More than 8 hours,Every night,Very poor,Often,Often,Often (3-4 times a week),Moderate impact,Every night,Often (5-6 times a week),Often (5-6 times a week),Extremely high stress,Below Average
2024-10-27 11:18:00.0000000,Graduate student,Male,Every night,More than 8 hours,Often (5-6 times a week),Poor,Often,Often,Always,Major impact,Often (5-6 times a week),Often (5-6 times a week),Often (5-6 times a week),High stress,Below Average
2024-10-27 11:18:18.0000000,Third year,Female,Every night,7-8 hours,Often (5-6 times a week),Poor,Often,Often,Always,Severe impact,Every night,Often (5-6 times a week),Often (5-6 times a week),High stress,Average
2024-10-27 11:18:38.0000000,Graduate student,Female,Every night,7-8 hours,Often (5-6 times a week),Very poor,Often,Often,Always,Severe impact,Often (5-6 times a week),Often (5-6 times a week),Often (5-6 times a week),High stress,Below Average
2024-10-27 11:18:57.0000000,Graduate student,Male,Often (5-6 times a week),7-8 hours,Often (5-6 times a week),Very poor,Always,Often,Often (3-4 times a week),Major impact,Often (5-6 times a week),Often (5-6 times a week),Every day,Extremely high stress,Poor
2024-10-27 11:19:15.0000000,Third year,Female,Every night,7-8 hours,Every night,Poor,Often,Always,Sometimes (1-2 times a week),Severe impact,Often (5-6 times a week),Often (5-6 times a week),Often (5-6 times a week),High stress,Poor
2024-10-27 11:19:32.0000000,Third year,Female,Often (5-6 times a week),7-8 hours,Often (5-6 times a week),Very poor,Always,Often,Always,Major impact,Often (5-6 times a week),Every day,Often (5-6 times a week),Extremely high stress,Poor
2024-10-27 11:19:52.0000000,Graduate student,Male,Often (5-6 times a week),7-8 hours,Often (5-6 times a week),Very poor,Often,Often,Often (3-4 times a week),Major impact,Sometimes (3-4 times a week),Often (5-6 times a week),Often (5-6 times a week),High stress,Below Average
2024-10-27 11:20:11.0000000,Graduate student,Female,Every night,7-8 hours,Often (5-6 times a week),Very poor,Often,Often,Always,Severe impact,Often (5-6 times a week),Often (5-6 times a week),Often (5-6 times a week),High stress,Poor
2024-10-27 11:21:12.0000000,Third year,Male,Every night,7-8 hours,Often (5-6 times a week),Very poor,Sometimes,Often,Always,Major impact,Often (5-6 times a week),Often (5-6 times a week),Often (5-6 times a week),High stress,Poor
2024-10-27 11:21:31.0000000,Third year,Female,Often (5-6 times a week),7-8 hours,Every night,Poor,Sometimes,Always,Often (3-4 times a week),Severe impact,Often (5-6 times a week),Often (5-6 times a week),Every day,High stress,Below Average
2024-10-27 11:21:50.0000000,Graduate student,Male,Often (5-6 times a week),More than 8 hours,Often (5-6 times a week),Very poor,Always,Often,Often (3-4 times a week),Major impact,Often (5-6 times a week),Often (5-6 times a week),Often (5-6 times a week),High stress,Below Average
2024-10-27 11:22:09.0000000,Third year,Male,Every night,6-7 hours,Sometimes (3-4 times a week),Very poor,Sometimes,Sometimes,Often (3-4 times a week),Major impact,Often (5-6 times a week),Often (5-6 times a week),Often (5-6 times a week),High stress,Below Average
2024-10-27 11:22:30.0000000,Third year,Female,Often (5-6 times a week),7-8 hours,Sometimes (3-4 times a week),Poor,Often,Sometimes,Often (3-4 times a week),Severe impact,Every night,Often (5-6 times a week),Every day,High stress,Below Average
2024-10-27 11:22:51.0000000,Third year,Female,Often (5-6 times a week),7-8 hours,Often (5-6 times a week),Very poor,Often,Often,Sometimes (1-2 times a week),Major impact,Every night,Every day,Often (5-6 times a week),High stress,Poor
2024-10-27 11:23:12.0000000,Third year,Female,Often (5-6 times a week),7-8 hours,Often (5-6 times a week),Poor,Often,Often,Often (3-4 times a week),Major impact,Often (5-6 times a week),Often (5-6 times a week),Often (5-6 times a week),High stress,Excellent
2024-10-27 11:23:33.0000000,Graduate student,Male,Every night,More than 8 hours,Every night,Very poor,Always,Always,Often (3-4 times a week),Severe impact,Often (5-6 times a week),Every day,Every day,High stress,Below Average
2024-10-27 11:23:51.0000000,Graduate student,Male,Every night,More than 8 hours,Often (5-6 times a week),Poor,Often,Always,Often (3-4 times a week),Major impact,Often (5-6 times a week),Often (5-6 times a week),Often (5-6 times a week),Extremely high stress,Below Average
2024-10-27 11:24:12.0000000,Third year,Male,Every night,More than 8 hours,Often (5-6 times a week),Very poor,Often,Always,Always,Major impact,Often (5-6 times a week),Every day,Often (5-6 times a week),Extremely high stress,Below Average
2024-10-27 11:24:35.0000000,Graduate student,Male,Often (5-6 times a week),7-8 hours,Often (5-6 times a week),Very poor,Always,Often,Often (3-4 times a week),Major impact,Often (5-6 times a week),Often (5-6 times a week),Often (5-6 times a week),Extremely high stress,Below Average
2024-10-27 11:24:59.0000000,Graduate student,Male,Every night,7-8 hours,Often (5-6 times a week),Poor,Often,Often,Often (3-4 times a week),Major impact,Often (5-6 times a week),Often (5-6 times a week),Often (5-6 times a week),High stress,Below Average
2024-10-27 11:25:18.0000000,Graduate student,Female,Often (5-6 times a week),7-8 hours,Sometimes (3-4 times a week),Very poor,Often,Often,Always,Major impact,Every night,Often (5-6 times a week),Often (5-6 times a week),Extremely high stress,Below Average
2024-10-27 11:25:36.0000000,Graduate student,Male,Often (5-6 times a week),More than 8 hours,Often (5-6 times a week),Very poor,Often,Often,Often (3-4 times a week),Major impact,Often (5-6 times a week),Often (5-6 times a week),Often (5-6 times a week),High stress,Below Average
2024-10-27 11:25:55.0000000,Graduate student,Male,Often (5-6 times a week),7-8 hours,Often (5-6 times a week),Very poor,Often,Sometimes,Often (3-4 times a week),Moderate impact,Every night,Often (5-6 times a week),Sometimes (3-4 times a week),Extremely high stress,Poor
2024-10-27 11:26:17.0000000,Graduate student,Male,Every night,7-8 hours,Every night,Very poor,Often,Always,Often (3-4 times a week),Severe impact,Every night,Often (5-6 times a week),Every day,Extremely high stress,Poor
2024-10-27 11:26:38.0000000,Graduate student,Male,Often (5-6 times a week),7-8 hours,Often (5-6 times a week),Very poor,Sometimes,Always,Often (3-4 times a week),Major impact,Often (5-6 times a week),Every day,Often (5-6 times a week),Extremely high stress,Poor
2024-10-27 11:26:58.0000000,Third year,Female,Every night,7-8 hours,Every night,Very poor,Often,Often,Often (3-4 times a week),Major impact,Often (5-6 times a week),Often (5-6 times a week),Often (5-6 times a week),High stress,Poor
2024-10-27 11:27:16.0000000,Third year,Male,Every night,7-8 hours,Every night,Very poor,Often,Always,Often (3-4 times a week),Major impact,Often (5-6 times a week),Every day,Every day,High stress,Poor
2024-10-27 11:27:33.0000000,Third year,Female,Every night,6-7 hours,Often (5-6 times a week),Very poor,Often,Always,Always,Major impact,Often (5-6 times a week),Sometimes (3-4 times a week),Often (5-6 times a week),High stress,Below Average
2024-10-27 11:27:55.0000000,Third year,Male,Often (5-6 times a week),7-8 hours,Often (5-6 times a week),Very poor,Often,Sometimes,Often (3-4 times a week),Major impact,Often (5-6 times a week),Often (5-6 times a week),Sometimes (3-4 times a week),High stress,Poor
2024-10-27 11:28:14.0000000,Graduate student,Male,Often (5-6 times a week),More than 8 hours,Often (5-6 times a week),Very poor,Always,Often,Often (3-4 times a week),Severe impact,Often (5-6 times a week),Every day,Every day,Extremely high stress,Below Average
2024-10-27 11:28:36.0000000,Graduate student,Female,Often (5-6 times a week),More than 8 hours,Every night,Very good,Always,Always,Often (3-4 times a week),Severe impact,Often (5-6 times a week),Often (5-6 times a week),Often (5-6 times a week),Extremely high stress,Poor
2024-10-27 11:28:55.0000000,Graduate student,Male,Every night,More than 8 hours,Every night,Very poor,Often,Often,Often (3-4 times a week),Major impact,Often (5-6 times a week),Often (5-6 times a week),Every day,Extremely high stress,Poor
2024-10-27 11:29:16.0000000,Graduate student,Male,Every night,More than 8 hours,Every night,Very poor,Always,Always,Often (3-4 times a week),Major impact,Every night,Often (5-6 times a week),Often (5-6 times a week),High stress,Poor
2024-10-27 11:29:32.0000000,Second year,Male,Often (5-6 times a week),More than 8 hours,Every night,Very poor,Often,Often,Often (3-4 times a week),Severe impact,Often (5-6 times a week),Often (5-6 times a week),Often (5-6 times a week),Extremely high stress,Below Average
2024-10-27 11:29:50.0000000,First year,Female,Every night,More than 8 hours,Often (5-6 times a week),Very poor,Often,Often,Often (3-4 times a week),Moderate impact,Often (5-6 times a week),Sometimes (3-4 times a week),Often (5-6 times a week),High stress,Poor
2024-10-27 11:30:08.0000000,Second year,Female,Often (5-6 times a week),7-8 hours,Every night,Very poor,Always,Always,Always,Severe impact,Often (5-6 times a week),Often (5-6 times a week),Often (5-6 times a week),High stress,Below Average
2024-10-27 11:30:23.0000000,Third year,Male,Every night,More than 8 hours,Sometimes (3-4 times a week),Very poor,Often,Always,Always,Major impact,Often (5-6 times a week),Often (5-6 times a week),Often (5-6 times a week),High stress,Below Average
2024-10-27 11:30:39.0000000,Third year,Female,Often (5-6 times a week),7-8 hours,Sometimes (3-4 times a week),Very poor,Often,Often,Often (3-4 times a week),Moderate impact,Often (5-6 times a week),Often (5-6 times a week),Often (5-6 times a week),Extremely high stress,Poor
2024-10-27 11:30:56.0000000,Graduate student,Male,Every night,7-8 hours,Often (5-6 times a week),Very poor,Always,Sometimes,Always,Major impact,Often (5-6 times a week),Every day,Every day,Extremely high stress,Poor
2024-10-27 11:31:12.0000000,Third year,Female,Sometimes (3-4 times a week),More than 8 hours,Often (5-6 times a week),Very poor,Often,Always,Often (3-4 times a week),Major impact,Often (5-6 times a week),Every day,Every day,High stress,Poor
2024-10-27 11:31:28.0000000,Third year,Male,Often (5-6 times a week),7-8 hours,Often (5-6 times a week),Very poor,Always,Sometimes,Often (3-4 times a week),Severe impact,Often (5-6 times a week),Every day,Every day,Extremely high stress,Poor
2024-10-27 11:31:48.0000000,Third year,Male,Often (5-6 times a week),6-7 hours,Never,Very poor,Often,Often,Often (3-4 times a week),Major impact,Often (5-6 times a week),Every day,Often (5-6 times a week),High stress,Poor
2024-10-27 11:32:04.0000000,Third year,Male,Every night,7-8 hours,Often (5-6 times a week),Very poor,Often,Often,Often (3-4 times a week),Major impact,Often (5-6 times a week),Every day,Often (5-6 times a week),Extremely high stress,Below Average
2024-10-27 11:32:21.0000000,Graduate student,Male,Often (5-6 times a week),More than 8 hours,Every night,Very poor,Often,Always,Often (3-4 times a week),Minor impact,Often (5-6 times a week),Every day,Often (5-6 times a week),Extremely high stress,Poor
2024-10-27 11:32:39.0000000,Third year,Male,Often (5-6 times a week),7-8 hours,Every night,Very poor,Often,Always,Always,Severe impact,Often (5-6 times a week),Every day,Every day,Extremely high stress,Below Average
2024-10-27 11:33:06.0000000,Third year,Female,Every night,More than 8 hours,Often (5-6 times a week),Very poor,Often,Often,Often (3-4 times a week),Severe impact,Every night,Every day,Sometimes (3-4 times a week),High stress,Below Average
2024-10-27 11:33:24.0000000,Graduate student,Male,Often (5-6 times a week),7-8 hours,Every night,Very poor,Often,Often,Always,Severe impact,Every night,Often (5-6 times a week),Every day,Extremely high stress,Poor
2024-10-27 11:33:41.0000000,Graduate student,Male,Every night,7-8 hours,Every night,Very poor,Always,Always,Often (3-4 times a week),Major impact,Every night,Every day,Often (5-6 times a week),High stress,Poor
2024-10-27 11:33:59.0000000,Third year,Male,Every night,More than 8 hours,Every night,Very poor,Always,Often,Often (3-4 times a week),Severe impact,Often (5-6 times a week),Often (5-6 times a week),Every day,Extremely high stress,Below Average
2024-10-27 11:34:21.0000000,Third year,Male,Every night,More than 8 hours,Often (5-6 times a week),Very poor,Always,Always,Often (3-4 times a week),Major impact,Often (5-6 times a week),Often (5-6 times a week),Often (5-6 times a week),Extremely high stress,Below Average
2024-10-27 11:34:43.0000000,First year,Female,Often (5-6 times a week),More than 8 hours,Often (5-6 times a week),Very poor,Often,Sometimes,Always,Major impact,Often (5-6 times a week),Often (5-6 times a week),Often (5-6 times a week),Extremely high stress,Poor
2024-10-27 11:35:06.0000000,Graduate student,Female,Often (5-6 times a week),7-8 hours,Often (5-6 times a week),Very poor,Often,Often,Sometimes (1-2 times a week),Major impact,Sometimes (3-4 times a week),Sometimes (3-4 times a week),Often (5-6 times a week),Extremely high stress,Poor
2024-10-27 11:35:27.0000000,Graduate student,Male,Often (5-6 times a week),6-7 hours,Sometimes (3-4 times a week),Very poor,Often,Often,Always,Major impact,Sometimes (3-4 times a week),Often (5-6 times a week),Every day,Extremely high stress,Average
2024-10-28 16:39:52.0000000,First year,Female,Every night,Less than 4 hours,Every night,Very poor,Often,Sometimes,Often (3-4 times a week),Major impact,Sometimes (3-4 times a week),Sometimes (3-4 times a week),Rarely (1-2 times a week),High stress,Poor
2024-10-28 21:16:02.0000000,Third year,Male,Often (5-6 times a week),7-8 hours,Every night,Poor,Often,Often,Often (3-4 times a week),Major impact,Often (5-6 times a week),Often (5-6 times a week),Often (5-6 times a week),High stress,Poor
2024-10-28 21:16:34.0000000,Third year,Male,Often (5-6 times a week),More than 8 hours,Often (5-6 times a week),Poor,Often,Often,Often (3-4 times a week),Major impact,Often (5-6 times a week),Often (5-6 times a week),Often (5-6 times a week),Extremely high stress,Below Average
2024-10-28 21:16:57.0000000,Third year,Female,Often (5-6 times a week),7-8 hours,Often (5-6 times a week),Very poor,Often,Often,Often (3-4 times a week),Major impact,Often (5-6 times a week),Often (5-6 times a week),Sometimes (3-4 times a week),High stress,Below Average
2024-10-28 21:17:17.0000000,Third year,Male,Every night,7-8 hours,Often (5-6 times a week),Poor,Often,Often,Often (3-4 times a week),Major impact,Often (5-6 times a week),Often (5-6 times a week),Often (5-6 times a week),Extremely high stress,Below Average
2024-10-28 21:17:25.0000000,Third year,Male,Often (5-6 times a week),More than 8 hours,Every night,Poor,Often,Often,Often (3-4 times a week),Major impact,Often (5-6 times a week),Often (5-6 times a week),Often (5-6 times a week),Extremely high stress,Below Average
2024-10-28 21:17:38.0000000,Graduate student,Male,Every night,7-8 hours,Often (5-6 times a week),Poor,Always,Often,Often (3-4 times a week),Severe impact,Often (5-6 times a week),Sometimes (3-4 times a week),Often (5-6 times a week),High stress,Poor
2024-10-28 23:21:56.0000000,Third year,Male,Often (5-6 times a week),More than 8 hours,Often (5-6 times a week),Poor,Often,Often,Often (3-4 times a week),Major impact,Often (5-6 times a week),Often (5-6 times a week),Often (5-6 times a week),Extremely high stress,Below Average
2024-10-28 23:22:42.0000000,Third year,Male,Every night,7-8 hours,Every night,Very poor,Often,Often,Often (3-4 times a week),Major impact,Every night,Often (5-6 times a week),Often (5-6 times a week),Extremely high stress,Below Average
2024-10-30 22:05:30.0000000,Third year,Male,Often (5-6 times a week),7-8 hours,Often (5-6 times a week),Poor,Often,Often,Often (3-4 times a week),Major impact,Sometimes (3-4 times a week),Often (5-6 times a week),Every day,High stress,Poor
2024-10-30 22:05:48.0000000,Graduate student,Male,Often (5-6 times a week),7-8 hours,Often (5-6 times a week),Very poor,Often,Often,Often (3-4 times a week),Major impact,Often (5-6 times a week),Often (5-6 times a week),Often (5-6 times a week),High stress,Poor
2024-10-30 22:06:20.0000000,Third year,Male,Often (5-6 times a week),7-8 hours,Every night,Poor,Often,Often,Often (3-4 times a week),Major impact,Every night,Often (5-6 times a week),Often (5-6 times a week),High stress,Poor
2024-11-06 19:05:10.0000000,Third year,Male,Every night,7-8 hours,Often (5-6 times a week),Poor,Always,Often,Always,Severe impact,Often (5-6 times a week),Every day,Every day,Extremely high stress,Below Average
2024-10-30 22:06:39.0000000,Third year,Male,Often (5-6 times a week),7-8 hours,Often (5-6 times a week),Poor,Often,Sometimes,Often (3-4 times a week),Moderate impact,Often (5-6 times a week),Often (5-6 times a week),Often (5-6 times a week),High stress,Poor
2024-10-30 22:07:02.0000000,Third year,Male,Often (5-6 times a week),More than 8 hours,Often (5-6 times a week),Poor,Sometimes,Always,Always,Severe impact,Sometimes (3-4 times a week),Every day,Every day,High stress,Below Average
2024-10-30 22:07:22.0000000,Third year,Male,Often (5-6 times a week),7-8 hours,Often (5-6 times a week),Poor,Often,Often,Always,Major impact,Every night,Often (5-6 times a week),Often (5-6 times a week),High stress,Below Average
2024-10-30 22:08:27.0000000,Third year,Female,Often (5-6 times a week),7-8 hours,Every night,Poor,Often,Often,Always,Severe impact,Often (5-6 times a week),Every day,Every day,Extremely high stress,Below Average
2024-10-30 22:11:39.0000000,Graduate student,Male,Often (5-6 times a week),More than 8 hours,Often (5-6 times a week),Very poor,Often,Sometimes,Often (3-4 times a week),Major impact,Often (5-6 times a week),Often (5-6 times a week),Often (5-6 times a week),High stress,Below Average
2024-10-30 22:12:05.0000000,Graduate student,Male,Every night,More than 8 hours,Sometimes (3-4 times a week),Poor,Always,Often,Always,Severe impact,Every night,Often (5-6 times a week),Often (5-6 times a week),High stress,Poor
2024-10-30 22:13:53.0000000,Graduate student,Male,Often (5-6 times a week),7-8 hours,Every night,Poor,Often,Often,Often (3-4 times a week),Major impact,Often (5-6 times a week),Often (5-6 times a week),Often (5-6 times a week),High stress,Poor
2024-10-30 22:14:10.0000000,Graduate student,Female,Often (5-6 times a week),7-8 hours,Often (5-6 times a week),Poor,Often,Always,Often (3-4 times a week),Severe impact,Every night,Often (5-6 times a week),Often (5-6 times a week),Extremely high stress,Poor
2024-10-30 22:14:29.0000000,Third year,Female,Never,6-7 hours,Never,Good,Often,Sometimes,Never,Moderate impact,Every night,Never,Often (5-6 times a week),High stress,Excellent
2024-10-30 22:15:07.0000000,Third year,Female,Every night,More than 8 hours,Every night,Very poor,Often,Rarely,Rarely (1-2 times a month),Minor impact,Sometimes (3-4 times a week),Sometimes (3-4 times a week),Rarely (1-2 times a week),High stress,Average
2024-10-30 22:15:10.0000000,Third year,Male,Often (5-6 times a week),7-8 hours,Often (5-6 times a week),Poor,Often,Often,Often (3-4 times a week),Major impact,Often (5-6 times a week),Often (5-6 times a week),Every day,High stress,Poor
2024-10-30 22:15:32.0000000,Third year,Male,Every night,7-8 hours,Often (5-6 times a week),Very poor,Always,Often,Often (3-4 times a week),Major impact,Often (5-6 times a week),Often (5-6 times a week),Often (5-6 times a week),High stress,Poor
2024-10-30 22:16:06.0000000,Second year,Male,Often (5-6 times a week),7-8 hours,Often (5-6 times a week),Very poor,Often,Often,Often (3-4 times a week),Major impact,Often (5-6 times a week),Often (5-6 times a week),Often (5-6 times a week),High stress,Below Average
2024-10-30 22:16:29.0000000,Third year,Male,Often (5-6 times a week),More than 8 hours,Often (5-6 times a week),Poor,Often,Often,Often (3-4 times a week),Major impact,Often (5-6 times a week),Every day,Every day,High stress,Below Average
2024-10-30 22:17:31.0000000,Third year,Male,Often (5-6 times a week),More than 8 hours,Every night,Poor,Often,Often,Often (3-4 times a week),Severe impact,Often (5-6 times a week),Often (5-6 times a week),Often (5-6 times a week),Extremely high stress,Below Average
2024-10-30 22:17:50.0000000,Graduate student,Male,Every night,7-8 hours,Often (5-6 times a week),Poor,Sometimes,Often,Often (3-4 times a week),Major impact,Often (5-6 times a week),Often (5-6 times a week),Often (5-6 times a week),High stress,Poor
2024-10-30 22:18:15.0000000,Third year,Male,Every night,7-8 hours,Often (5-6 times a week),Poor,Always,Often,Often (3-4 times a week),Moderate impact,Often (5-6 times a week),Often (5-6 times a week),Often (5-6 times a week),High stress,Good
2024-10-30 22:18:35.0000000,Second year,Female,Every night,7-8 hours,Every night,Very good,Often,Always,Often (3-4 times a week),Major impact,Every night,Every day,Often (5-6 times a week),High stress,Poor
2024-10-30 22:18:54.0000000,Graduate student,Female,Often (5-6 times a week),7-8 hours,Often (5-6 times a week),Poor,Always,Always,Always,Severe impact,Every night,Often (5-6 times a week),Often (5-6 times a week),Extremely high stress,Poor
2024-10-30 22:19:09.0000000,Third year,Female,Often (5-6 times a week),7-8 hours,Often (5-6 times a week),Very poor,Always,Often,Always,Major impact,Every night,Often (5-6 times a week),Often (5-6 times a week),Extremely high stress,Poor
2024-10-30 22:19:37.0000000,Graduate student,Male,Often (5-6 times a week),7-8 hours,Often (5-6 times a week),Very poor,Always,Often,Always,Major impact,Often (5-6 times a week),Every day,Often (5-6 times a week),High stress,Poor
2024-10-30 22:19:57.0000000,Third year,Male,Often (5-6 times a week),7-8 hours,Every night,Poor,Often,Always,Always,Major impact,Often (5-6 times a week),Every day,Every day,Extremely high stress,Below Average
2024-10-30 22:20:11.0000000,Third year,Female,Often (5-6 times a week),7-8 hours,Often (5-6 times a week),Poor,Sometimes,Sometimes,Sometimes (1-2 times a week),Moderate impact,Sometimes (3-4 times a week),Sometimes (3-4 times a week),Sometimes (3-4 times a week),Low stress,Good
2024-10-30 22:20:15.0000000,Graduate student,Male,Every night,7-8 hours,Every night,Good,Often,Often,Often (3-4 times a week),Severe impact,Often (5-6 times a week),Often (5-6 times a week),Often (5-6 times a week),High stress,Below Average
2024-10-30 22:21:05.0000000,Third year,Male,Often (5-6 times a week),7-8 hours,Often (5-6 times a week),Very poor,Often,Often,Sometimes (1-2 times a week),Moderate impact,Often (5-6 times a week),Often (5-6 times a week),Often (5-6 times a week),High stress,Poor
2024-10-30 22:21:13.0000000,Third year,Female,Rarely (1-2 times a week),4-5 hours,Rarely (1-2 times a week),Very poor,Rarely,Rarely,Rarely (1-2 times a month),Minor impact,Rarely (1-2 times a week),Sometimes (3-4 times a week),Often (5-6 times a week),Low stress,Good
2024-10-30 22:21:30.0000000,Graduate student,Male,Often (5-6 times a week),7-8 hours,Often (5-6 times a week),Poor,Often,Always,Often (3-4 times a week),Major impact,Often (5-6 times a week),Often (5-6 times a week),Often (5-6 times a week),High stress,Poor
2024-10-30 22:21:48.0000000,Third year,Female,Never,Less than 4 hours,Never,Good,Never,Rarely,Sometimes (1-2 times a week),Minor impact,Rarely (1-2 times a week),Never,Rarely (1-2 times a week),Low stress,Good
2024-10-30 22:21:58.0000000,Third year,Male,Often (5-6 times a week),7-8 hours,Often (5-6 times a week),Poor,Often,Often,Always,Major impact,Often (5-6 times a week),Sometimes (3-4 times a week),Every day,Extremely high stress,Poor
2024-10-30 22:22:18.0000000,Graduate student,Male,Every night,More than 8 hours,Often (5-6 times a week),Poor,Often,Often,Often (3-4 times a week),Major impact,Often (5-6 times a week),Often (5-6 times a week),Often (5-6 times a week),High stress,Below Average
2024-10-30 22:22:49.0000000,Third year,Male,Often (5-6 times a week),More than 8 hours,Often (5-6 times a week),Poor,Often,Often,Often (3-4 times a week),Major impact,Often (5-6 times a week),Often (5-6 times a week),Often (5-6 times a week),High stress,Below Average
2024-10-30 22:22:50.0000000,Third year,Female,Often (5-6 times a week),7-8 hours,Often (5-6 times a week),Poor,Always,Always,Often (3-4 times a week),Severe impact,Often (5-6 times a week),Every day,Every day,High stress,Below Average
2024-10-30 22:23:13.0000000,First year,Female,Sometimes (3-4 times a week),More than 8 hours,Sometimes (3-4 times a week),Poor,Often,Often,Often (3-4 times a week),Major impact,Often (5-6 times a week),Every day,Every day,Extremely high stress,Poor
2024-10-30 22:23:24.0000000,Third year,Male,Often (5-6 times a week),7-8 hours,Often (5-6 times a week),Average,Often,Often,Often (3-4 times a week),Major impact,Often (5-6 times a week),Often (5-6 times a week),Often (5-6 times a week),Extremely high stress,Average
2024-10-30 22:23:53.0000000,Third year,Male,Every night,More than 8 hours,Every night,Poor,Often,Often,Often (3-4 times a week),Major impact,Often (5-6 times a week),Every day,Often (5-6 times a week),Extremely high stress,Average
2024-10-30 22:24:20.0000000,Third year,Female,Sometimes (3-4 times a week),More than 8 hours,Every night,Very poor,Often,Always,Often (3-4 times a week),Major impact,Every night,Often (5-6 times a week),Every day,Extremely high stress,Poor
2024-10-30 22:24:37.0000000,Third year,Male,Every night,6-7 hours,Often (5-6 times a week),Poor,Always,Sometimes,Often (3-4 times a week),Moderate impact,Often (5-6 times a week),Often (5-6 times a week),Often (5-6 times a week),Extremely high stress,Below Average
2024-10-30 22:24:55.0000000,Graduate student,Male,Every night,7-8 hours,Every night,Very poor,Often,Often,Often (3-4 times a week),Severe impact,Often (5-6 times a week),Often (5-6 times a week),Every day,High stress,Below Average
2024-10-30 22:25:15.0000000,Third year,Male,Often (5-6 times a week),More than 8 hours,Often (5-6 times a week),Very poor,Always,Often,Often (3-4 times a week),Major impact,Every night,Every day,Every day,High stress,Below Average
2024-10-30 22:26:05.0000000,Graduate student,Female,Often (5-6 times a week),7-8 hours,Every night,Poor,Always,Often,Sometimes (1-2 times a week),Major impact,Often (5-6 times a week),Often (5-6 times a week),Every day,Extremely high stress,Below Average
2024-10-30 22:26:22.0000000,Third year,Male,Every night,7-8 hours,Every night,Very poor,Often,Always,Always,Major impact,Often (5-6 times a week),Often (5-6 times a week),Every day,High stress,Poor
2024-10-30 22:27:23.0000000,Third year,Male,Often (5-6 times a week),7-8 hours,Often (5-6 times a week),Poor,Sometimes,Always,Sometimes (1-2 times a week),Major impact,Often (5-6 times a week),Every day,Often (5-6 times a week),High stress,Below Average
2024-10-30 22:27:42.0000000,Second year,Male,Often (5-6 times a week),More than 8 hours,Often (5-6 times a week),Very poor,Sometimes,Always,Always,Major impact,Often (5-6 times a week),Often (5-6 times a week),Sometimes (3-4 times a week),Extremely high stress,Below Average
2024-10-30 22:27:59.0000000,Second year,Male,Every night,7-8 hours,Often (5-6 times a week),Poor,Sometimes,Often,Often (3-4 times a week),Severe impact,Often (5-6 times a week),Often (5-6 times a week),Often (5-6 times a week),Extremely high stress,Below Average
2024-10-30 22:28:22.0000000,Graduate student,Male,Every night,7-8 hours,Every night,Poor,Often,Often,Often (3-4 times a week),Severe impact,Often (5-6 times a week),Often (5-6 times a week),Often (5-6 times a week),Extremely high stress,Below Average
2024-10-30 22:28:46.0000000,Third year,Male,Sometimes (3-4 times a week),More than 8 hours,Every night,Poor,Often,Often,Always,Major impact,Often (5-6 times a week),Often (5-6 times a week),Every day,High stress,Below Average
2024-10-30 22:29:13.0000000,Graduate student,Male,Often (5-6 times a week),More than 8 hours,Often (5-6 times a week),Poor,Often,Often,Always,Major impact,Every night,Often (5-6 times a week),Often (5-6 times a week),High stress,Below Average
2024-10-30 22:29:50.0000000,Third year,Male,Often (5-6 times a week),More than 8 hours,Every night,Poor,Often,Always,Often (3-4 times a week),Severe impact,Often (5-6 times a week),Often (5-6 times a week),Every day,High stress,Below Average
2024-10-30 22:30:10.0000000,Graduate student,Male,Often (5-6 times a week),7-8 hours,Every night,Poor,Often,Often,Always,Major impact,Often (5-6 times a week),Often (5-6 times a week),Every day,High stress,Below Average
2024-10-30 22:35:01.0000000,Third year,Male,Often (5-6 times a week),More than 8 hours,Every night,Poor,Often,Often,Often (3-4 times a week),Major impact,Often (5-6 times a week),Often (5-6 times a week),Every day,Extremely high stress,Poor
2024-10-30 22:35:13.0000000,Third year,Female,Rarely (1-2 times a week),4-5 hours,Rarely (1-2 times a week),Good,Never,Often,Sometimes (1-2 times a week),Moderate impact,Sometimes (3-4 times a week),Often (5-6 times a week),Often (5-6 times a week),High stress,Average
2024-10-30 22:35:28.0000000,Third year,Male,Every night,7-8 hours,Often (5-6 times a week),Poor,Always,Often,Often (3-4 times a week),Major impact,Every night,Every day,Often (5-6 times a week),Extremely high stress,Below Average
2024-10-30 22:35:47.0000000,Third year,Female,Never,Less than 4 hours,Never,Good,Sometimes,Rarely,Rarely (1-2 times a month),Minor impact,Rarely (1-2 times a week),Rarely (1-2 times a week),Sometimes (3-4 times a week),High stress,Good
2024-10-30 22:35:50.0000000,Third year,Male,Often (5-6 times a week),7-8 hours,Every night,Average,Often,Often,Often (3-4 times a week),Major impact,Often (5-6 times a week),Often (5-6 times a week),Often (5-6 times a week),High stress,Average
2024-10-30 22:35:52.0000000,Third year,Male,Sometimes (3-4 times a week),More than 8 hours,Every night,Poor,Always,Always,Often (3-4 times a week),Major impact,Sometimes (3-4 times a week),Often (5-6 times a week),Often (5-6 times a week),High stress,Poor
2024-10-30 22:36:11.0000000,Third year,Male,Often (5-6 times a week),7-8 hours,Often (5-6 times a week),Very poor,Often,Sometimes,Often (3-4 times a week),Major impact,Often (5-6 times a week),Often (5-6 times a week),Every day,High stress,Poor
2024-10-30 22:36:23.0000000,Third year,Female,Rarely (1-2 times a week),4-5 hours,Never,Very good,Never,Sometimes,Often (3-4 times a week),Moderate impact,Sometimes (3-4 times a week),Sometimes (3-4 times a week),Rarely (1-2 times a week),High stress,Average
2024-10-30 22:36:42.0000000,Second year,Male,Often (5-6 times a week),7-8 hours,Often (5-6 times a week),Poor,Often,Often,Often (3-4 times a week),Major impact,Often (5-6 times a week),Often (5-6 times a week),Often (5-6 times a week),High stress,Below Average
2024-10-30 22:37:14.0000000,Third year,Male,Often (5-6 times a week),7-8 hours,Often (5-6 times a week),Average,Often,Often,Often (3-4 times a week),Major impact,Often (5-6 times a week),Often (5-6 times a week),Often (5-6 times a week),High stress,Average
2024-10-30 22:37:31.0000000,Third year,Male,Often (5-6 times a week),7-8 hours,Often (5-6 times a week),Poor,Always,Always,Often (3-4 times a week),Major impact,Often (5-6 times a week),Often (5-6 times a week),Often (5-6 times a week),High stress,Poor
2024-10-30 22:38:05.0000000,Third year,Male,Often (5-6 times a week),More than 8 hours,Every night,Poor,Often,Often,Often (3-4 times a week),Severe impact,Every night,Every day,Often (5-6 times a week),High stress,Below Average
2024-10-30 22:38:15.0000000,Third year,Male,Every night,7-8 hours,Often (5-6 times a week),Average,Often,Often,Often (3-4 times a week),Major impact,Often (5-6 times a week),Often (5-6 times a week),Often (5-6 times a week),High stress,Average
2024-10-30 22:39:09.0000000,Graduate student,Male,Every night,7-8 hours,Often (5-6 times a week),Poor,Often,Always,Often (3-4 times a week),Major impact,Often (5-6 times a week),Often (5-6 times a week),Often (5-6 times a week),High stress,Poor
2024-10-30 22:39:35.0000000,Third year,Male,Often (5-6 times a week),More than 8 hours,Every night,Poor,Often,Often,Often (3-4 times a week),Severe impact,Every night,Often (5-6 times a week),Often (5-6 times a week),Extremely high stress,Below Average
2024-10-30 22:39:56.0000000,Graduate student,Female,Often (5-6 times a week),7-8 hours,Often (5-6 times a week),Good,Always,Often,Always,Major impact,Every night,Often (5-6 times a week),Often (5-6 times a week),Extremely high stress,Poor
2024-10-30 22:40:46.0000000,Third year,Male,Often (5-6 times a week),7-8 hours,Every night,Very poor,Often,Often,Often (3-4 times a week),Major impact,Often (5-6 times a week),Often (5-6 times a week),Often (5-6 times a week),High stress,Poor
2024-10-30 22:41:11.0000000,Graduate student,Male,Often (5-6 times a week),7-8 hours,Often (5-6 times a week),Poor,Sometimes,Often,Often (3-4 times a week),Major impact,Often (5-6 times a week),Often (5-6 times a week),Often (5-6 times a week),Extremely high stress,Below Average
2024-10-30 22:41:26.0000000,Graduate student,Male,Every night,7-8 hours,Every night,Poor,Often,Often,Often (3-4 times a week),Major impact,Often (5-6 times a week),Often (5-6 times a week),Often (5-6 times a week),Extremely high stress,Poor
2024-10-30 22:42:30.0000000,Graduate student,Male,Often (5-6 times a week),More than 8 hours,Every night,Poor,Often,Sometimes,Rarely (1-2 times a month),Major impact,Sometimes (3-4 times a week),Often (5-6 times a week),Rarely (1-2 times a week),High stress,Poor
2024-10-30 22:43:09.0000000,Third year,Male,Often (5-6 times a week),More than 8 hours,Often (5-6 times a week),Average,Often,Often,Often (3-4 times a week),Major impact,Often (5-6 times a week),Often (5-6 times a week),Often (5-6 times a week),High stress,Average
2024-10-30 22:44:32.0000000,Third year,Male,Often (5-6 times a week),7-8 hours,Often (5-6 times a week),Average,Often,Often,Often (3-4 times a week),Major impact,Often (5-6 times a week),Often (5-6 times a week),Often (5-6 times a week),High stress,Average
2024-10-30 22:45:00.0000000,Third year,Male,Often (5-6 times a week),7-8 hours,Often (5-6 times a week),Good,Often,Often,Often (3-4 times a week),Major impact,Often (5-6 times a week),Often (5-6 times a week),Often (5-6 times a week),High stress,Below Average
2024-10-30 22:45:28.0000000,Third year,Male,Often (5-6 times a week),7-8 hours,Often (5-6 times a week),Good,Often,Often,Often (3-4 times a week),Major impact,Often (5-6 times a week),Often (5-6 times a week),Often (5-6 times a week),High stress,Below Average
2024-10-30 22:45:55.0000000,Third year,Male,Often (5-6 times a week),7-8 hours,Often (5-6 times a week),Average,Often,Often,Often (3-4 times a week),Major impact,Often (5-6 times a week),Often (5-6 times a week),Often (5-6 times a week),High stress,Below Average
2024-10-31 00:54:24.0000000,Third year,Male,Sometimes (3-4 times a week),More than 8 hours,Often (5-6 times a week),Very poor,Sometimes,Often,Always,Major impact,Often (5-6 times a week),Often (5-6 times a week),Often (5-6 times a week),High stress,Below Average
2024-11-04 21:11:49.0000000,Graduate student,Male,Often (5-6 times a week),7-8 hours,Often (5-6 times a week),Very poor,Sometimes,Always,Often (3-4 times a week),Major impact,Often (5-6 times a week),Often (5-6 times a week),Often (5-6 times a week),High stress,Below Average
2024-11-04 21:59:32.0000000,Third year,Male,Often (5-6 times a week),More than 8 hours,Every night,Poor,Often,Always,Always,Major impact,Often (5-6 times a week),Often (5-6 times a week),Often (5-6 times a week),High stress,Below Average
2024-11-04 21:59:50.0000000,Third year,Male,Every night,6-7 hours,Often (5-6 times a week),Poor,Often,Often,Often (3-4 times a week),Major impact,Often (5-6 times a week),Every day,Often (5-6 times a week),High stress,Poor
2024-11-04 22:00:18.0000000,Third year,Male,Often (5-6 times a week),7-8 hours,Often (5-6 times a week),Poor,Always,Sometimes,Often (3-4 times a week),Major impact,Often (5-6 times a week),Often (5-6 times a week),Sometimes (3-4 times a week),High stress,Below Average
2024-11-04 22:00:36.0000000,Graduate student,Male,Every night,7-8 hours,Often (5-6 times a week),Poor,Often,Often,Often (3-4 times a week),Major impact,Often (5-6 times a week),Often (5-6 times a week),Often (5-6 times a week),High stress,Below Average
2024-11-04 22:00:54.0000000,Third year,Male,Often (5-6 times a week),7-8 hours,Often (5-6 times a week),Poor,Often,Often,Often (3-4 times a week),Severe impact,Often (5-6 times a week),Often (5-6 times a week),Often (5-6 times a week),High stress,Poor
2024-11-04 22:01:10.0000000,Third year,Male,Often (5-6 times a week),More than 8 hours,Often (5-6 times a week),Poor,Often,Always,Often (3-4 times a week),Major impact,Sometimes (3-4 times a week),Often (5-6 times a week),Every day,Extremely high stress,Poor
2024-11-04 22:01:35.0000000,Graduate student,Female,Every night,7-8 hours,Every night,Poor,Often,Often,Always,Severe impact,Often (5-6 times a week),Every day,Often (5-6 times a week),High stress,Poor
2024-11-04 22:01:51.0000000,Third year,Male,Often (5-6 times a week),7-8 hours,Often (5-6 times a week),Poor,Often,Always,Often (3-4 times a week),Major impact,Often (5-6 times a week),Often (5-6 times a week),Often (5-6 times a week),Extremely high stress,Below Average
2024-11-04 22:02:36.0000000,Graduate student,Male,Often (5-6 times a week),7-8 hours,Every night,Poor,Often,Often,Sometimes (1-2 times a week),Major impact,Every night,Every day,Every day,High stress,Poor
2024-11-04 22:02:58.0000000,Graduate student,Male,Often (5-6 times a week),7-8 hours,Every night,Poor,Often,Always,Often (3-4 times a week),Severe impact,Often (5-6 times a week),Often (5-6 times a week),Every day,Extremely high stress,Below Average
2024-11-04 22:03:18.0000000,Third year,Male,Often (5-6 times a week),7-8 hours,Every night,Poor,Often,Often,Often (3-4 times a week),Major impact,Often (5-6 times a week),Often (5-6 times a week),Often (5-6 times a week),High stress,Poor
2024-11-04 22:03:36.0000000,Graduate student,Male,Often (5-6 times a week),More than 8 hours,Often (5-6 times a week),Poor,Often,Often,Often (3-4 times a week),Major impact,Often (5-6 times a week),Often (5-6 times a week),Often (5-6 times a week),Extremely high stress,Poor
2024-11-04 22:05:37.0000000,Third year,Male,Often (5-6 times a week),7-8 hours,Every night,Poor,Always,Often,Often (3-4 times a week),Severe impact,Every night,Every day,Often (5-6 times a week),Extremely high stress,Below Average
2024-11-04 22:05:52.0000000,Graduate student,Male,Often (5-6 times a week),7-8 hours,Often (5-6 times a week),Poor,Always,Often,Often (3-4 times a week),Severe impact,Every night,Every day,Every day,High stress,Poor
2024-11-04 22:06:23.0000000,Third year,Male,Sometimes (3-4 times a week),7-8 hours,Often (5-6 times a week),Poor,Often,Always,Always,Major impact,Often (5-6 times a week),Every day,Every day,Extremely high stress,Poor
2024-11-06 18:04:36.0000000,Graduate student,Male,Often (5-6 times a week),More than 8 hours,Often (5-6 times a week),Poor,Often,Always,Often (3-4 times a week),Major impact,Often (5-6 times a week),Often (5-6 times a week),Often (5-6 times a week),Extremely high stress,Below Average
2024-11-06 18:04:54.0000000,Graduate student,Male,Often (5-6 times a week),7-8 hours,Every night,Poor,Often,Sometimes,Often (3-4 times a week),Major impact,Often (5-6 times a week),Often (5-6 times a week),Often (5-6 times a week),Extremely high stress,Poor
2024-11-06 18:05:13.0000000,Second year,Male,Often (5-6 times a week),More than 8 hours,Often (5-6 times a week),Poor,Often,Always,Often (3-4 times a week),Severe impact,Every night,Often (5-6 times a week),Every day,Extremely high stress,Below Average
2024-11-06 18:05:33.0000000,Graduate student,Male,Every night,7-8 hours,Every night,Very poor,Always,Often,Always,Severe impact,Often (5-6 times a week),Every day,Often (5-6 times a week),High stress,Below Average
2024-11-06 18:05:52.0000000,Third year,Female,Every night,7-8 hours,Often (5-6 times a week),Very poor,Often,Always,Always,Major impact,Often (5-6 times a week),Every day,Every day,High stress,Average
2024-11-06 18:06:13.0000000,Graduate student,Male,Every night,More than 8 hours,Every night,Very poor,Often,Often,Often (3-4 times a week),Major impact,Every night,Every day,Every day,High stress,Below Average
2024-11-06 18:06:40.0000000,Third year,Male,Often (5-6 times a week),7-8 hours,Every night,Poor,Always,Often,Often (3-4 times a week),Major impact,Every night,Often (5-6 times a week),Every day,High stress,Below Average
2024-11-06 18:07:06.0000000,Graduate student,Male,Often (5-6 times a week),7-8 hours,Often (5-6 times a week),Poor,Often,Always,Often (3-4 times a week),Severe impact,Every night,Every day,Often (5-6 times a week),Extremely high stress,Poor
2024-11-06 18:07:25.0000000,Third year,Male,Every night,6-7 hours,Often (5-6 times a week),Very poor,Often,Often,Always,Severe impact,Often (5-6 times a week),Often (5-6 times a week),Often (5-6 times a week),Extremely high stress,Poor
2024-11-06 18:08:01.0000000,Graduate student,Male,Every night,More than 8 hours,Often (5-6 times a week),Very poor,Often,Often,Always,Severe impact,Often (5-6 times a week),Every day,Every day,High stress,Average
2024-11-06 18:08:18.0000000,Graduate student,Male,Every night,7-8 hours,Often (5-6 times a week),Poor,Often,Always,Always,Severe impact,Every night,Every day,Often (5-6 times a week),Extremely high stress,Poor
2024-11-06 18:08:40.0000000,Third year,Male,Often (5-6 times a week),More than 8 hours,Every night,Very poor,Often,Often,Always,Major impact,Often (5-6 times a week),Every day,Often (5-6 times a week),High stress,Below Average
2024-11-06 18:09:04.0000000,Graduate student,Female,Every night,7-8 hours,Often (5-6 times a week),Very poor,Sometimes,Sometimes,Often (3-4 times a week),Severe impact,Every night,Often (5-6 times a week),Often (5-6 times a week),High stress,Below Average
2024-11-06 18:09:25.0000000,Graduate student,Male,Every night,7-8 hours,Often (5-6 times a week),Very poor,Often,Often,Often (3-4 times a week),Major impact,Every night,Often (5-6 times a week),Often (5-6 times a week),High stress,Below Average
2024-11-06 18:09:48.0000000,Third year,Male,Often (5-6 times a week),More than 8 hours,Often (5-6 times a week),Poor,Sometimes,Always,Always,Severe impact,Every night,Often (5-6 times a week),Often (5-6 times a week),Extremely high stress,Below Average
2024-11-06 18:10:07.0000000,Third year,Male,Often (5-6 times a week),7-8 hours,Often (5-6 times a week),Poor,Often,Often,Often (3-4 times a week),Major impact,Often (5-6 times a week),Often (5-6 times a week),Often (5-6 times a week),High stress,Average
2024-11-06 18:10:27.0000000,Graduate student,Male,Every night,More than 8 hours,Often (5-6 times a week),Very poor,Often,Often,Often (3-4 times a week),Major impact,Often (5-6 times a week),Every day,Often (5-6 times a week),High stress,Below Average
2024-11-06 18:12:05.0000000,Graduate student,Male,Often (5-6 times a week),More than 8 hours,Every night,Very poor,Often,Often,Often (3-4 times a week),Major impact,Often (5-6 times a week),Every day,Often (5-6 times a week),High stress,Poor
2024-11-06 18:12:27.0000000,Third year,Male,Often (5-6 times a week),7-8 hours,Often (5-6 times a week),Very poor,Always,Always,Always,Major impact,Every night,Often (5-6 times a week),Every day,Extremely high stress,Below Average
2024-11-06 18:47:54.0000000,Graduate student,Male,Often (5-6 times a week),More than 8 hours,Every night,Poor,Always,Always,Often (3-4 times a week),Severe impact,Every night,Often (5-6 times a week),Often (5-6 times a week),High stress,Poor
2024-11-06 18:48:12.0000000,Third year,Female,Sometimes (3-4 times a week),More than 8 hours,Every night,Very poor,Often,Often,Sometimes (1-2 times a week),Major impact,Every night,Often (5-6 times a week),Every day,Extremely high stress,Poor
2024-11-06 18:48:41.0000000,Graduate student,Male,Often (5-6 times a week),More than 8 hours,Every night,Very poor,Often,Often,Often (3-4 times a week),Severe impact,Often (5-6 times a week),Often (5-6 times a week),Every day,High stress,Below Average
2024-11-06 18:49:01.0000000,Third year,Male,Every night,More than 8 hours,Often (5-6 times a week),Very poor,Always,Often,Often (3-4 times a week),Major impact,Often (5-6 times a week),Every day,Often (5-6 times a week),High stress,Below Average
2024-11-06 18:49:21.0000000,Third year,Female,Every night,7-8 hours,Every night,Very poor,Often,Always,Often (3-4 times a week),Major impact,Every night,Every day,Often (5-6 times a week),High stress,Below Average
2024-11-06 18:49:39.0000000,Third year,Male,Every night,7-8 hours,Every night,Poor,Always,Often,Often (3-4 times a week),Major impact,Often (5-6 times a week),Every day,Often (5-6 times a week),High stress,Poor
2024-11-06 18:50:07.0000000,Graduate student,Male,Every night,7-8 hours,Often (5-6 times a week),Poor,Often,Often,Often (3-4 times a week),Major impact,Every night,Often (5-6 times a week),Every day,High stress,Average
2024-11-06 18:50:24.0000000,Graduate student,Male,Every night,7-8 hours,Every night,Very poor,Always,Often,Often (3-4 times a week),Severe impact,Often (5-6 times a week),Often (5-6 times a week),Often (5-6 times a week),High stress,Poor
2024-11-06 18:50:50.0000000,Graduate student,Male,Every night,7-8 hours,Often (5-6 times a week),Poor,Always,Always,Always,Major impact,Often (5-6 times a week),Often (5-6 times a week),Often (5-6 times a week),Extremely high stress,Poor
2024-11-06 18:51:18.0000000,Third year,Female,Every night,7-8 hours,Often (5-6 times a week),Very poor,Always,Often,Often (3-4 times a week),Major impact,Often (5-6 times a week),Often (5-6 times a week),Every day,Extremely high stress,Poor
2024-11-06 18:51:43.0000000,Third year,Male,Often (5-6 times a week),7-8 hours,Often (5-6 times a week),Very poor,Always,Always,Often (3-4 times a week),Major impact,Every night,Sometimes (3-4 times a week),Every day,Extremely high stress,Below Average
2024-11-06 18:52:04.0000000,Third year,Male,Every night,7-8 hours,Often (5-6 times a week),Very poor,Always,Often,Always,Severe impact,Every night,Often (5-6 times a week),Every day,High stress,Below Average
2024-11-06 18:52:25.0000000,Graduate student,Male,Every night,More than 8 hours,Often (5-6 times a week),Very poor,Often,Always,Often (3-4 times a week),Major impact,Often (5-6 times a week),Often (5-6 times a week),Often (5-6 times a week),High stress,Poor
2024-11-06 18:52:47.0000000,Graduate student,Male,Every night,7-8 hours,Every night,Very poor,Always,Often,Often (3-4 times a week),Severe impact,Often (5-6 times a week),Often (5-6 times a week),Every day,High stress,Below Average
2024-11-06 18:53:15.0000000,Graduate student,Male,Often (5-6 times a week),More than 8 hours,Every night,Very poor,Always,Often,Often (3-4 times a week),Severe impact,Often (5-6 times a week),Every day,Every day,High stress,Poor
2024-11-06 18:53:32.0000000,Graduate student,Male,Every night,7-8 hours,Every night,Very poor,Often,Always,Always,Major impact,Every night,Every day,Every day,Extremely high stress,Poor
2024-11-06 18:53:52.0000000,Third year,Female,Every night,7-8 hours,Often (5-6 times a week),Very poor,Always,Always,Always,Major impact,Every night,Every day,Every day,Extremely high stress,Below Average
2024-11-06 18:54:16.0000000,Graduate student,Female,Often (5-6 times a week),7-8 hours,Every night,Poor,Often,Often,Often (3-4 times a week),Major impact,Often (5-6 times a week),Every day,Every day,Extremely high stress,Average
2024-11-06 18:54:41.0000000,Graduate student,Male,Every night,More than 8 hours,Often (5-6 times a week),Very poor,Always,Always,Always,Major impact,Often (5-6 times a week),Often (5-6 times a week),Every day,Extremely high stress,Below Average
2024-11-06 18:59:30.0000000,Graduate student,Male,Every night,More than 8 hours,Often (5-6 times a week),Very poor,Often,Often,Always,Severe impact,Every night,Every day,Often (5-6 times a week),High stress,Below Average
2024-11-06 18:59:47.0000000,Graduate student,Male,Every night,7-8 hours,Every night,Very poor,Sometimes,Often,Often (3-4 times a week),Severe impact,Often (5-6 times a week),Every day,Often (5-6 times a week),Extremely high stress,Below Average
2024-11-06 19:00:20.0000000,Third year,Male,Often (5-6 times a week),7-8 hours,Often (5-6 times a week),Poor,Always,Often,Always,Severe impact,Often (5-6 times a week),Often (5-6 times a week),Every day,Extremely high stress,Poor
2024-11-06 19:00:42.0000000,Third year,Female,Often (5-6 times a week),7-8 hours,Every night,Very poor,Always,Always,Often (3-4 times a week),Major impact,Every night,Every day,Every day,Extremely high stress,Below Average
2024-11-06 19:01:07.0000000,Graduate student,Male,Every night,More than 8 hours,Every night,Poor,Often,Often,Sometimes (1-2 times a week),Major impact,Often (5-6 times a week),Often (5-6 times a week),Every day,Extremely high stress,Poor
2024-11-06 19:01:29.0000000,Graduate student,Male,Often (5-6 times a week),7-8 hours,Every night,Very poor,Sometimes,Always,Often (3-4 times a week),Major impact,Every night,Often (5-6 times a week),Often (5-6 times a week),Extremely high stress,Below Average
2024-11-06 19:01:58.0000000,Graduate student,Male,Often (5-6 times a week),7-8 hours,Every night,Poor,Often,Often,Often (3-4 times a week),Severe impact,Every night,Every day,Every day,Extremely high stress,Poor
2024-11-06 19:02:21.0000000,Graduate student,Male,Often (5-6 times a week),7-8 hours,Often (5-6 times a week),Very poor,Often,Often,Always,Severe impact,Often (5-6 times a week),Often (5-6 times a week),Often (5-6 times a week),Extremely high stress,Poor
2024-11-06 19:02:40.0000000,Graduate student,Male,Often (5-6 times a week),More than 8 hours,Every night,Very poor,Always,Often,Often (3-4 times a week),Major impact,Every night,Often (5-6 times a week),Often (5-6 times a week),Extremely high stress,Poor
2024-11-06 19:03:03.0000000,Graduate student,Male,Every night,7-8 hours,Often (5-6 times a week),Poor,Always,Often,Often (3-4 times a week),Severe impact,Every night,Sometimes (3-4 times a week),Every day,Extremely high stress,Poor
2024-11-06 19:03:37.0000000,Graduate student,Male,Often (5-6 times a week),7-8 hours,Often (5-6 times a week),Very poor,Often,Always,Always,Major impact,Every night,Often (5-6 times a week),Often (5-6 times a week),Extremely high stress,Poor
2024-11-06 19:03:57.0000000,Graduate student,Male,Every night,7-8 hours,Often (5-6 times a week),Poor,Always,Often,Always,Severe impact,Every night,Every day,Every day,High stress,Poor
2024-11-06 19:04:16.0000000,Third year,Male,Every night,More than 8 hours,Often (5-6 times a week),Very poor,Always,Always,Always,Major impact,Often (5-6 times a week),Every day,Often (5-6 times a week),High stress,Below Average
2024-11-06 19:05:29.0000000,Third year,Male,Often (5-6 times a week),More than 8 hours,Every night,Very poor,Often,Often,Often (3-4 times a week),Severe impact,Every night,Every day,Often (5-6 times a week),Extremely high stress,Poor
2024-11-06 19:05:49.0000000,Graduate student,Male,Every night,7-8 hours,Often (5-6 times a week),Very poor,Always,Often,Often (3-4 times a week),Major impact,Often (5-6 times a week),Often (5-6 times a week),Often (5-6 times a week),Extremely high stress,Below Average
2024-11-06 19:07:59.0000000,Graduate student,Male,Every night,More than 8 hours,Every night,Poor,Often,Often,Often (3-4 times a week),Major impact,Every night,Every day,Often (5-6 times a week),High stress,Poor
2024-11-06 19:08:21.0000000,Graduate student,Male,Often (5-6 times a week),7-8 hours,Every night,Very poor,Often,Often,Often (3-4 times a week),Major impact,Every night,Every day,Every day,High stress,Poor
2024-11-06 19:08:45.0000000,Graduate student,Male,Often (5-6 times a week),More than 8 hours,Often (5-6 times a week),Poor,Often,Often,Always,Severe impact,Often (5-6 times a week),Often (5-6 times a week),Every day,High stress,Poor
2024-11-06 19:09:18.0000000,Third year,Male,Often (5-6 times a week),More than 8 hours,Every night,Poor,Always,Often,Often (3-4 times a week),Moderate impact,Every night,Every day,Every day,Extremely high stress,Below Average
2024-11-06 19:09:42.0000000,Third year,Male,Every night,7-8 hours,Sometimes (3-4 times a week),Very poor,Sometimes,Often,Often (3-4 times a week),Major impact,Often (5-6 times a week),Often (5-6 times a week),Often (5-6 times a week),High stress,Poor
2024-11-06 19:10:00.0000000,Graduate student,Male,Every night,7-8 hours,Every night,Very poor,Often,Often,Often (3-4 times a week),Severe impact,Every night,Often (5-6 times a week),Often (5-6 times a week),Extremely high stress,Below Average
2024-11-06 19:10:35.0000000,Graduate student,Male,Every night,More than 8 hours,Every night,Poor,Often,Often,Often (3-4 times a week),Major impact,Every night,Every day,Sometimes (3-4 times a week),Extremely high stress,Below Average
2024-11-06 19:10:52.0000000,Third year,Male,Every night,More than 8 hours,Every night,Very poor,Always,Often,Often (3-4 times a week),Major impact,Every night,Often (5-6 times a week),Every day,Extremely high stress,Average
2024-11-06 19:11:25.0000000,Graduate student,Male,Often (5-6 times a week),More than 8 hours,Often (5-6 times a week),Poor,Often,Always,Often (3-4 times a week),Severe impact,Every night,Every day,Every day,Extremely high stress,Poor
2024-11-06 19:12:31.0000000,Graduate student,Male,Every night,More than 8 hours,Often (5-6 times a week),Very poor,Always,Often,Always,Severe impact,Often (5-6 times a week),Often (5-6 times a week),Every day,Extremely high stress,Poor
2024-11-06 19:14:33.0000000,Graduate student,Male,Every night,7-8 hours,Every night,Average,Often,Often,Often (3-4 times a week),Severe impact,Every night,Every day,Every day,High stress,Below Average
2024-11-06 19:15:41.0000000,Third year,Male,Every night,More than 8 hours,Often (5-6 times a week),Poor,Often,Often,Often (3-4 times a week),Severe impact,Often (5-6 times a week),Every day,Often (5-6 times a week),Extremely high stress,Poor
2024-12-10 23:20:54.0000000,Second year,Female,Often (5-6 times a week),More than 8 hours,Every night,Very poor,Always,Often,Often (3-4 times a week),Severe impact,Sometimes (3-4 times a week),Every day,Often (5-6 times a week),High stress,Below Average
2024-12-10 23:21:21.0000000,Third year,Male,Every night,7-8 hours,Often (5-6 times a week),Poor,Often,Always,Often (3-4 times a week),Severe impact,Often (5-6 times a week),Often (5-6 times a week),Often (5-6 times a week),Extremely high stress,Poor
2024-12-10 23:21:39.0000000,Second year,Female,Every night,More than 8 hours,Often (5-6 times a week),Very poor,Often,Often,Always,Severe impact,Often (5-6 times a week),Often (5-6 times a week),Every day,Extremely high stress,Poor
2024-12-10 23:21:55.0000000,Graduate student,Female,Often (5-6 times a week),7-8 hours,Often (5-6 times a week),Very poor,Sometimes,Often,Often (3-4 times a week),Major impact,Every night,Often (5-6 times a week),Often (5-6 times a week),Extremely high stress,Below Average
2024-12-10 23:22:18.0000000,Third year,Male,Every night,7-8 hours,Often (5-6 times a week),Poor,Often,Always,Often (3-4 times a week),Major impact,Often (5-6 times a week),Every day,Often (5-6 times a week),Extremely high stress,Below Average
2024-12-10 23:22:37.0000000,Third year,Male,Every night,7-8 hours,Often (5-6 times a week),Poor,Always,Often,Often (3-4 times a week),Major impact,Every night,Often (5-6 times a week),Every day,High stress,Below Average
2024-12-10 23:22:54.0000000,Third year,Male,Often (5-6 times a week),7-8 hours,Every night,Very poor,Always,Always,Always,Major impact,Often (5-6 times a week),Often (5-6 times a week),Every day,Extremely high stress,Poor
2024-12-10 23:23:33.0000000,Graduate student,Male,Often (5-6 times a week),More than 8 hours,Every night,Very poor,Often,Always,Often (3-4 times a week),Severe impact,Every night,Every day,Every day,High stress,Below Average
2024-12-10 23:24:19.0000000,Graduate student,Male,Every night,More than 8 hours,Often (5-6 times a week),Poor,Sometimes,Often,Always,Severe impact,Often (5-6 times a week),Often (5-6 times a week),Every day,High stress,Below Average
2024-12-10 23:24:37.0000000,Third year,Male,Every night,7-8 hours,Often (5-6 times a week),Average,Often,Often,Always,Major impact,Often (5-6 times a week),Every day,Often (5-6 times a week),Extremely high stress,Below Average
2024-12-10 23:24:55.0000000,Graduate student,Male,Often (5-6 times a week),7-8 hours,Every night,Poor,Often,Often,Often (3-4 times a week),Severe impact,Every night,Often (5-6 times a week),Every day,Extremely high stress,Poor
2024-12-10 23:25:23.0000000,Graduate student,Male,Every night,7-8 hours,Often (5-6 times a week),Poor,Always,Often,Always,Major impact,Often (5-6 times a week),Every day,Often (5-6 times a week),High stress,Below Average
2024-12-10 23:25:40.0000000,Graduate student,Male,Every night,More than 8 hours,Often (5-6 times a week),Poor,Always,Often,Often (3-4 times a week),Major impact,Often (5-6 times a week),Often (5-6 times a week),Often (5-6 times a week),Extremely high stress,Poor
2024-12-10 23:25:55.0000000,Third year,Male,Often (5-6 times a week),7-8 hours,Often (5-6 times a week),Very poor,Sometimes,Often,Often (3-4 times a week),Severe impact,Often (5-6 times a week),Often (5-6 times a week),Often (5-6 times a week),High stress,Poor
2024-12-10 23:26:18.0000000,Third year,Male,Every night,7-8 hours,Every night,Poor,Often,Often,Always,Major impact,Every night,Every day,Every day,Extremely high stress,Average
2024-12-10 23:26:56.0000000,Third year,Male,Every night,More than 8 hours,Often (5-6 times a week),Average,Often,Always,Often (3-4 times a week),Severe impact,Every night,Often (5-6 times a week),Every day,Extremely high stress,Below Average
2024-12-10 23:27:23.0000000,Third year,Male,Every night,7-8 hours,Often (5-6 times a week),Very poor,Always,Often,Often (3-4 times a week),Severe impact,Often (5-6 times a week),Every day,Often (5-6 times a week),Extremely high stress,Below Average
2024-12-10 23:27:42.0000000,Third year,Male,Often (5-6 times a week),More than 8 hours,Often (5-6 times a week),Poor,Often,Always,Sometimes (1-2 times a week),Major impact,Often (5-6 times a week),Often (5-6 times a week),Every day,Extremely high stress,Poor
2024-12-10 23:27:59.0000000,Third year,Male,Every night,7-8 hours,Often (5-6 times a week),Poor,Often,Always,Always,Moderate impact,Often (5-6 times a week),Often (5-6 times a week),Often (5-6 times a week),High stress,Average
2024-12-10 23:28:16.0000000,Third year,Female,Often (5-6 times a week),7-8 hours,Often (5-6 times a week),Very poor,Always,Often,Often (3-4 times a week),Major impact,Often (5-6 times a week),Sometimes (3-4 times a week),Often (5-6 times a week),High stress,Poor
2024-12-10 23:28:34.0000000,Graduate student,Male,Every night,7-8 hours,Often (5-6 times a week),Very poor,Often,Often,Often (3-4 times a week),Major impact,Sometimes (3-4 times a week),Every day,Often (5-6 times a week),High stress,Below Average
2024-12-10 23:28:52.0000000,Graduate student,Male,Often (5-6 times a week),7-8 hours,Often (5-6 times a week),Very poor,Always,Always,Often (3-4 times a week),Severe impact,Every night,Often (5-6 times a week),Every day,Extremely high stress,Poor
2024-12-10 23:29:10.0000000,Graduate student,Male,Often (5-6 times a week),7-8 hours,Often (5-6 times a week),Very poor,Often,Often,Sometimes (1-2 times a week),Moderate impact,Often (5-6 times a week),Often (5-6 times a week),Every day,Extremely high stress,Below Average
2024-12-10 23:29:25.0000000,Third year,Male,Every night,7-8 hours,Every night,Poor,Often,Sometimes,Always,Major impact,Every night,Often (5-6 times a week),Every day,Extremely high stress,Poor
2024-12-10 23:29:43.0000000,Third year,Male,Often (5-6 times a week),7-8 hours,Every night,Good,Always,Always,Always,Severe impact,Every night,Every day,Often (5-6 times a week),High stress,Below Average
2024-12-10 23:30:03.0000000,Third year,Male,Every night,More than 8 hours,Every night,Poor,Sometimes,Always,Often (3-4 times a week),Major impact,Every night,Often (5-6 times a week),Often (5-6 times a week),Extremely high stress,Below Average
2024-12-10 23:30:19.0000000,Graduate student,Male,Often (5-6 times a week),7-8 hours,Often (5-6 times a week),Very poor,Always,Often,Sometimes (1-2 times a week),Major impact,Often (5-6 times a week),Every day,Every day,High stress,Below Average
2024-12-10 23:31:09.0000000,Graduate student,Male,Often (5-6 times a week),7-8 hours,Often (5-6 times a week),Very poor,Often,Sometimes,Often (3-4 times a week),Moderate impact,Often (5-6 times a week),Sometimes (3-4 times a week),Sometimes (3-4 times a week),High stress,Poor
2024-12-10 23:31:44.0000000,Third year,Male,Often (5-6 times a week),7-8 hours,Every night,Poor,Often,Sometimes,Sometimes (1-2 times a week),Major impact,Often (5-6 times a week),Often (5-6 times a week),Often (5-6 times a week),Extremely high stress,Below Average
2024-12-10 23:32:17.0000000,Graduate student,Female,Sometimes (3-4 times a week),More than 8 hours,Every night,Very poor,Often,Often,Often (3-4 times a week),Major impact,Often (5-6 times a week),Often (5-6 times a week),Often (5-6 times a week),High stress,Poor
2024-12-10 23:32:57.0000000,Graduate student,Male,Often (5-6 times a week),7-8 hours,Often (5-6 times a week),Good,Always,Often,Often (3-4 times a week),Major impact,Sometimes (3-4 times a week),Often (5-6 times a week),Often (5-6 times a week),Extremely high stress,Below Average
2024-12-10 23:33:35.0000000,Second year,Male,Often (5-6 times a week),7-8 hours,Often (5-6 times a week),Very poor,Often,Often,Often (3-4 times a week),Major impact,Every night,Often (5-6 times a week),Often (5-6 times a week),Extremely high stress,Below Average
2024-12-10 23:35:11.0000000,Graduate student,Male,Every night,7-8 hours,Often (5-6 times a week),Good,Often,Often,Often (3-4 times a week),Major impact,Every night,Sometimes (3-4 times a week),Every day,Extremely high stress,Below Average
2024-12-10 23:36:59.0000000,Graduate student,Male,Every night,More than 8 hours,Every night,Very poor,Often,Often,Often (3-4 times a week),Severe impact,Every night,Often (5-6 times a week),Every day,Extremely high stress,Poor
2024-12-10 23:37:16.0000000,Third year,Male,Often (5-6 times a week),7-8 hours,Every night,Poor,Always,Often,Often (3-4 times a week),Major impact,Every night,Often (5-6 times a week),Every day,High stress,Poor
2024-12-10 23:37:32.0000000,Graduate student,Male,Every night,More than 8 hours,Often (5-6 times a week),Very poor,Often,Always,Often (3-4 times a week),Severe impact,Every night,Often (5-6 times a week),Often (5-6 times a week),Extremely high stress,Below Average
2024-12-11 22:32:40.0000000,Graduate student,Male,Often (5-6 times a week),7-8 hours,Every night,Poor,Often,Always,Always,Severe impact,Every night,Every day,Every day,High stress,Poor
2024-12-11 22:32:58.0000000,Third year,Male,Often (5-6 times a week),More than 8 hours,Every night,Very poor,Always,Often,Often (3-4 times a week),Severe impact,Every night,Often (5-6 times a week),Every day,High stress,Poor
2024-12-11 22:33:16.0000000,Graduate student,Male,Often (5-6 times a week),More than 8 hours,Every night,Very poor,Often,Always,Often (3-4 times a week),Major impact,Often (5-6 times a week),Every day,Every day,High stress,Poor
2024-12-11 22:33:34.0000000,Graduate student,Male,Every night,7-8 hours,Often (5-6 times a week),Very poor,Often,Often,Always,Severe impact,Every night,Every day,Often (5-6 times a week),Extremely high stress,Poor
2024-12-11 22:33:52.0000000,Graduate student,Female,Every night,More than 8 hours,Often (5-6 times a week),Very poor,Often,Always,Often (3-4 times a week),Severe impact,Every night,Every day,Every day,Extremely high stress,Poor
2024-12-11 22:34:11.0000000,Third year,Male,Every night,More than 8 hours,Every night,Very poor,Often,Often,Often (3-4 times a week),Severe impact,Every night,Every day,Often (5-6 times a week),Extremely high stress,Poor
2024-12-11 22:34:28.0000000,Third year,Male,Often (5-6 times a week),More than 8 hours,Every night,Very poor,Often,Always,Always,Severe impact,Every night,Often (5-6 times a week),Every day,Extremely high stress,Below Average
2024-12-11 22:34:44.0000000,Graduate student,Male,Every night,7-8 hours,Often (5-6 times a week),Very poor,Often,Always,Always,Major impact,Often (5-6 times a week),Every day,Often (5-6 times a week),Extremely high stress,Poor
2024-12-11 22:35:01.0000000,Third year,Male,Every night,More than 8 hours,Every night,Very poor,Always,Always,Often (3-4 times a week),Severe impact,Every night,Every day,Every day,Extremely high stress,Poor
2024-12-11 22:35:20.0000000,Graduate student,Male,Every night,7-8 hours,Often (5-6 times a week),Poor,Always,Always,Always,Severe impact,Every night,Often (5-6 times a week),Every day,Extremely high stress,Below Average
2024-12-11 22:35:38.0000000,Third year,Male,Every night,7-8 hours,Every night,Very poor,Always,Often,Often (3-4 times a week),Severe impact,Often (5-6 times a week),Every day,Every day,Extremely high stress,Below Average
2024-12-11 22:35:57.0000000,Graduate student,Male,Often (5-6 times a week),More than 8 hours,Every night,Very poor,Often,Often,Always,Severe impact,Often (5-6 times a week),Every day,Every day,Extremely high stress,Poor
2024-12-12 00:01:59.0000000,Graduate student,Male,Every night,7-8 hours,Sometimes (3-4 times a week),Very poor,Often,Always,Often (3-4 times a week),Major impact,Often (5-6 times a week),Often (5-6 times a week),Often (5-6 times a week),High stress,Poor
2024-12-12 00:02:18.0000000,Graduate student,Male,Often (5-6 times a week),7-8 hours,Every night,Poor,Often,Always,Always,Major impact,Every night,Every day,Often (5-6 times a week),Extremely high stress,Poor
2024-12-12 00:02:34.0000000,Graduate student,Male,Often (5-6 times a week),More than 8 hours,Often (5-6 times a week),Very poor,Always,Always,Often (3-4 times a week),Major impact,Often (5-6 times a week),Often (5-6 times a week),Often (5-6 times a week),High stress,Below Average
2024-12-12 00:02:52.0000000,Graduate student,Male,Every night,More than 8 hours,Often (5-6 times a week),Very poor,Always,Often,Often (3-4 times a week),Severe impact,Every night,Every day,Every day,Extremely high stress,Below Average
2024-12-12 00:03:11.0000000,Graduate student,Female,Every night,7-8 hours,Often (5-6 times a week),Very poor,Always,Often,Always,Major impact,Often (5-6 times a week),Every day,Often (5-6 times a week),Extremely high stress,Below Average
2024-12-12 00:03:31.0000000,Graduate student,Male,Every night,7-8 hours,Every night,Very poor,Always,Always,Often (3-4 times a week),Major impact,Often (5-6 times a week),Every day,Every day,High stress,Poor
2024-12-12 00:03:47.0000000,Graduate student,Male,Often (5-6 times a week),More than 8 hours,Every night,Poor,Always,Always,Always,Major impact,Every night,Every day,Every day,High stress,Below Average
2024-12-12 00:04:06.0000000,Second year,Female,Often (5-6 times a week),More than 8 hours,Often (5-6 times a week),Very poor,Always,Always,Always,Severe impact,Every night,Every day,Often (5-6 times a week),Extremely high stress,Poor
2024-12-15 05:43:39.0000000,Graduate student,Male,Every night,7-8 hours,Sometimes (3-4 times a week),Poor,Always,Often,Always,Moderate impact,Every night,Often (5-6 times a week),Every day,High stress,Below Average
2024-12-15 05:43:55.0000000,Third year,Male,Every night,More than 8 hours,Often (5-6 times a week),Good,Often,Often,Often (3-4 times a week),Major impact,Often (5-6 times a week),Every day,Often (5-6 times a week),Extremely high stress,Poor
2024-12-15 05:44:04.0000000,Third year,Male,Sometimes (3-4 times a week),6-7 hours,Rarely (1-2 times a week),Average,Sometimes,Rarely,Sometimes (1-2 times a week),Moderate impact,Sometimes (3-4 times a week),Often (5-6 times a week),Sometimes (3-4 times a week),High stress,Poor
2024-12-15 05:44:10.0000000,Graduate student,Female,Often (5-6 times a week),More than 8 hours,Every night,Good,Sometimes,Often,Often (3-4 times a week),Major impact,Every night,Often (5-6 times a week),Every day,Extremely high stress,Below Average
2024-12-15 05:44:25.0000000,Second year,Male,Rarely (1-2 times a week),7-8 hours,Never,Poor,Rarely,Rarely,Rarely (1-2 times a month),Minor impact,Rarely (1-2 times a week),Rarely (1-2 times a week),Rarely (1-2 times a week),High stress,Below Average
2024-12-15 05:44:26.0000000,Graduate student,Male,Every night,7-8 hours,Often (5-6 times a week),Very good,Always,Often,Often (3-4 times a week),Severe impact,Often (5-6 times a week),Often (5-6 times a week),Every day,High stress,Poor
2024-12-15 05:44:49.0000000,Third year,Male,Sometimes (3-4 times a week),6-7 hours,Sometimes (3-4 times a week),Poor,Rarely,Often,Often (3-4 times a week),Major impact,Often (5-6 times a week),Every day,Often (5-6 times a week),High stress,Poor
2024-12-15 05:44:50.0000000,Third year,Male,Often (5-6 times a week),7-8 hours,Every night,Good,Sometimes,Often,Often (3-4 times a week),Major impact,Often (5-6 times a week),Every day,Every day,Extremely high stress,Below Average
2024-12-15 05:45:07.0000000,Graduate student,Female,Often (5-6 times a week),7-8 hours,Often (5-6 times a week),Good,Often,Always,Often (3-4 times a week),Major impact,Often (5-6 times a week),Every day,Every day,Extremely high stress,Below Average
2024-12-15 05:45:18.0000000,Second year,Female,Often (5-6 times a week),6-7 hours,Often (5-6 times a week),Average,Rarely,Often,Always,Severe impact,Often (5-6 times a week),Every day,Every day,High stress,Below Average
2024-12-15 05:45:24.0000000,Third year,Female,Every night,More than 8 hours,Every night,Good,Often,Sometimes,Always,Severe impact,Often (5-6 times a week),Every day,Every day,High stress,Below Average
2024-12-15 05:45:41.0000000,Graduate student,Male,Often (5-6 times a week),7-8 hours,Sometimes (3-4 times a week),Good,Often,Often,Often (3-4 times a week),Major impact,Often (5-6 times a week),Often (5-6 times a week),Every day,Extremely high stress,Below Average
2024-12-15 05:45:42.0000000,Third year,Male,Sometimes (3-4 times a week),6-7 hours,Sometimes (3-4 times a week),Average,Rarely,Never,Rarely (1-2 times a month),Moderate impact,Often (5-6 times a week),Sometimes (3-4 times a week),Sometimes (3-4 times a week),High stress,Poor
2024-12-15 05:45:58.0000000,Third year,Male,Every night,6-7 hours,Often (5-6 times a week),Good,Always,Often,Always,Major impact,Often (5-6 times a week),Sometimes (3-4 times a week),Every day,Extremely high stress,Below Average
2024-12-15 05:46:03.0000000,Second year,Female,Sometimes (3-4 times a week),6-7 hours,Sometimes (3-4 times a week),Average,Sometimes,Sometimes,Sometimes (1-2 times a week),Major impact,Sometimes (3-4 times a week),Sometimes (3-4 times a week),Sometimes (3-4 times a week),Low stress,Poor
2024-12-15 05:46:14.0000000,Graduate student,Male,Every night,7-8 hours,Often (5-6 times a week),Good,Often,Sometimes,Always,Major impact,Every night,Every day,Every day,High stress,Poor
2024-12-15 05:46:25.0000000,Third year,Male,Sometimes (3-4 times a week),6-7 hours,Sometimes (3-4 times a week),Average,Sometimes,Sometimes,Sometimes (1-2 times a week),Moderate impact,Never,Rarely (1-2 times a week),Sometimes (3-4 times a week),Extremely high stress,Below Average
2024-12-15 05:46:31.0000000,Third year,Male,Every night,6-7 hours,Every night,Very good,Always,Sometimes,Often (3-4 times a week),Major impact,Often (5-6 times a week),Often (5-6 times a week),Often (5-6 times a week),Extremely high stress,Below Average
2024-12-15 05:46:49.0000000,Graduate student,Male,Often (5-6 times a week),7-8 hours,Every night,Very good,Always,Often,Often (3-4 times a week),Major impact,Often (5-6 times a week),Every day,Every day,Extremely high stress,Below Average
2024-12-15 05:46:51.0000000,Third year,Male,Often (5-6 times a week),6-7 hours,Often (5-6 times a week),Average,Always,Often,Often (3-4 times a week),Major impact,Often (5-6 times a week),Often (5-6 times a week),Rarely (1-2 times a week),Extremely high stress,Poor
2024-12-15 05:47:06.0000000,Third year,Male,Often (5-6 times a week),More than 8 hours,Every night,Poor,Always,Always,Often (3-4 times a week),Major impact,Every night,Every day,Often (5-6 times a week),Extremely high stress,Below Average
2024-12-15 05:47:11.0000000,Second year,Male,Often (5-6 times a week),More than 8 hours,Sometimes (3-4 times a week),Average,Rarely,Rarely,Always,Severe impact,Rarely (1-2 times a week),Sometimes (3-4 times a week),Often (5-6 times a week),Extremely high stress,Poor
2024-12-15 05:47:27.0000000,Graduate student,Male,Every night,6-7 hours,Often (5-6 times a week),Very good,Often,Often,Often (3-4 times a week),Severe impact,Sometimes (3-4 times a week),Every day,Every day,Extremely high stress,Poor
2024-12-15 05:47:35.0000000,Third year,Female,Sometimes (3-4 times a week),6-7 hours,Rarely (1-2 times a week),Good,Often,Sometimes,Sometimes (1-2 times a week),Major impact,Often (5-6 times a week),Often (5-6 times a week),Often (5-6 times a week),High stress,Poor
2024-12-15 05:47:44.0000000,Third year,Male,Sometimes (3-4 times a week),7-8 hours,Every night,Very good,Sometimes,Always,Often (3-4 times a week),Severe impact,Every night,Often (5-6 times a week),Every day,High stress,Poor
2024-12-15 05:47:57.0000000,Graduate student,Male,Rarely (1-2 times a week),6-7 hours,Rarely (1-2 times a week),Very good,Always,Sometimes,Sometimes (1-2 times a week),Minor impact,Every night,Every day,Every day,Extremely high stress,Poor
2024-12-15 05:47:58.0000000,Third year,Female,Sometimes (3-4 times a week),More than 8 hours,Every night,Very good,Often,Sometimes,Often (3-4 times a week),Severe impact,Often (5-6 times a week),Every day,Every day,Extremely high stress,Poor
2024-12-15 05:48:15.0000000,Third year,Female,Every night,7-8 hours,Often (5-6 times a week),Good,Often,Often,Always,Severe impact,Often (5-6 times a week),Often (5-6 times a week),Often (5-6 times a week),High stress,Below Average
2024-12-15 05:48:16.0000000,Graduate student,Female,Sometimes (3-4 times a week),7-8 hours,Sometimes (3-4 times a week),Average,Sometimes,Sometimes,Rarely (1-2 times a month),Moderate impact,Sometimes (3-4 times a week),Often (5-6 times a week),Often (5-6 times a week),High stress,Below Average
2024-12-15 05:48:31.0000000,Third year,Male,Every night,6-7 hours,Often (5-6 times a week),Good,Often,Sometimes,Often (3-4 times a week),Major impact,Often (5-6 times a week),Every day,Every day,Extremely high stress,Poor
2024-12-15 05:48:42.0000000,Second year,Female,Sometimes (3-4 times a week),6-7 hours,Sometimes (3-4 times a week),Poor,Sometimes,Rarely,Sometimes (1-2 times a week),Moderate impact,Sometimes (3-4 times a week),Sometimes (3-4 times a week),Sometimes (3-4 times a week),High stress,Below Average
2024-12-15 05:48:48.0000000,Graduate student,Male,Every night,More than 8 hours,Every night,Good,Often,Often,Sometimes (1-2 times a week),Major impact,Every night,Every day,Every day,Extremely high stress,Below Average
2024-12-15 05:49:04.0000000,Third year,Male,Sometimes (3-4 times a week),4-5 hours,Sometimes (3-4 times a week),Average,Always,Often,Often (3-4 times a week),Moderate impact,Often (5-6 times a week),Sometimes (3-4 times a week),Sometimes (3-4 times a week),High stress,Below Average
2024-12-15 05:49:06.0000000,Graduate student,Male,Every night,7-8 hours,Often (5-6 times a week),Very good,Often,Always,Often (3-4 times a week),Major impact,Often (5-6 times a week),Often (5-6 times a week),Every day,High stress,Below Average
2024-12-15 05:49:21.0000000,Third year,Male,Often (5-6 times a week),More than 8 hours,Often (5-6 times a week),Very good,Often,Often,Often (3-4 times a week),Severe impact,Every night,Often (5-6 times a week),Every day,Extremely high stress,Below Average
2024-12-15 05:49:32.0000000,Third year,Female,Often (5-6 times a week),7-8 hours,Often (5-6 times a week),Average,Always,Sometimes,Often (3-4 times a week),Minor impact,Rarely (1-2 times a week),Rarely (1-2 times a week),Sometimes (3-4 times a week),High stress,Below Average
2024-12-15 05:49:38.0000000,Third year,Male,Every night,7-8 hours,Every night,Very good,Sometimes,Often,Often (3-4 times a week),Major impact,Often (5-6 times a week),Sometimes (3-4 times a week),Every day,Extremely high stress,Poor
2024-12-15 05:49:59.0000000,Third year,Female,Sometimes (3-4 times a week),4-5 hours,Sometimes (3-4 times a week),Average,Sometimes,Often,Sometimes (1-2 times a week),Moderate impact,Often (5-6 times a week),Sometimes (3-4 times a week),Rarely (1-2 times a week),Low stress,Below Average
2024-12-15 05:50:16.0000000,Graduate student,Female,Sometimes (3-4 times a week),4-5 hours,Sometimes (3-4 times a week),Very good,Always,Always,Always,Severe impact,Every night,Every day,Every day,Extremely high stress,Poor
2024-12-15 05:50:36.0000000,Third year,Female,Often (5-6 times a week),6-7 hours,Often (5-6 times a week),Good,Often,Often,Often (3-4 times a week),Major impact,Often (5-6 times a week),Every day,Every day,Extremely high stress,Below Average
2024-12-15 05:50:59.0000000,Third year,Female,Sometimes (3-4 times a week),4-5 hours,Rarely (1-2 times a week),Poor,Never,Never,Sometimes (1-2 times a week),Moderate impact,Sometimes (3-4 times a week),Often (5-6 times a week),Sometimes (3-4 times a week),Low stress,Poor
2024-12-15 05:51:24.0000000,Third year,Female,Often (5-6 times a week),7-8 hours,Often (5-6 times a week),Very good,Often,Often,Always,Moderate impact,Often (5-6 times a week),Every day,Every day,Extremely high stress,Poor
2024-12-15 05:51:27.0000000,First year,Male,Sometimes (3-4 times a week),6-7 hours,Rarely (1-2 times a week),Good,Often,Sometimes,Often (3-4 times a week),Major impact,Sometimes (3-4 times a week),Sometimes (3-4 times a week),Sometimes (3-4 times a week),Extremely high stress,Below Average
2024-12-15 05:51:42.0000000,Graduate student,Male,Every night,More than 8 hours,Every night,Very good,Sometimes,Always,Always,Major impact,Often (5-6 times a week),Often (5-6 times a week),Every day,Extremely high stress,Poor
2024-12-15 05:51:48.0000000,Graduate student,Female,Often (5-6 times a week),6-7 hours,Often (5-6 times a week),Average,Sometimes,Sometimes,Often (3-4 times a week),Moderate impact,Rarely (1-2 times a week),Often (5-6 times a week),Rarely (1-2 times a week),High stress,Good
2024-12-15 05:52:07.0000000,Third year,Female,Often (5-6 times a week),7-8 hours,Sometimes (3-4 times a week),Very good,Sometimes,Sometimes,Sometimes (1-2 times a week),Moderate impact,Rarely (1-2 times a week),Sometimes (3-4 times a week),Sometimes (3-4 times a week),Extremely high stress,Below Average
2024-12-15 05:52:31.0000000,Graduate student,Male,Rarely (1-2 times a week),7-8 hours,Sometimes (3-4 times a week),Very poor,Sometimes,Sometimes,Sometimes (1-2 times a week),Minor impact,Sometimes (3-4 times a week),Sometimes (3-4 times a week),Rarely (1-2 times a week),No stress,Below Average
2024-12-15 05:52:36.0000000,Graduate student,Male,Often (5-6 times a week),7-8 hours,Every night,Very good,Always,Always,Always,Severe impact,Often (5-6 times a week),Every day,Often (5-6 times a week),Extremely high stress,Below Average
2024-12-15 05:53:05.0000000,Third year,Female,Sometimes (3-4 times a week),6-7 hours,Often (5-6 times a week),Good,Sometimes,Sometimes,Often (3-4 times a week),Moderate impact,Sometimes (3-4 times a week),Rarely (1-2 times a week),Rarely (1-2 times a week),Low stress,Poor
2024-12-15 05:53:18.0000000,Third year,Male,Every night,7-8 hours,Often (5-6 times a week),Good,Often,Sometimes,Often (3-4 times a week),Major impact,Every night,Every day,Every day,Extremely high stress,Below Average
2024-12-15 05:53:30.0000000,Third year,Male,Sometimes (3-4 times a week),4-5 hours,Rarely (1-2 times a week),Good,Sometimes,Sometimes,Sometimes (1-2 times a week),Moderate impact,Often (5-6 times a week),Rarely (1-2 times a week),Often (5-6 times a week),Extremely high stress,Below Average
2024-12-15 05:53:39.0000000,First year,Female,Every night,More than 8 hours,Often (5-6 times a week),Poor,Often,Often,Often (3-4 times a week),Severe impact,Often (5-6 times a week),Often (5-6 times a week),Every day,Extremely high stress,Below Average
2024-12-15 05:53:57.0000000,Graduate student,Female,Sometimes (3-4 times a week),6-7 hours,Often (5-6 times a week),Very good,Always,Always,Always,Moderate impact,Sometimes (3-4 times a week),Often (5-6 times a week),Every day,Extremely high stress,Poor
2024-12-15 05:54:05.0000000,First year,Female,Every night,7-8 hours,Often (5-6 times a week),Poor,Always,Sometimes,Often (3-4 times a week),Severe impact,Every night,Often (5-6 times a week),Often (5-6 times a week),Extremely high stress,Poor
2024-12-15 05:54:16.0000000,Graduate student,Female,Rarely (1-2 times a week),6-7 hours,Sometimes (3-4 times a week),Average,Sometimes,Sometimes,Sometimes (1-2 times a week),Moderate impact,Sometimes (3-4 times a week),Often (5-6 times a week),Sometimes (3-4 times a week),Extremely high stress,Poor
2024-12-15 05:54:20.0000000,Third year,Male,Often (5-6 times a week),7-8 hours,Every night,Very good,Always,Always,Always,Severe impact,Often (5-6 times a week),Every day,Every day,Extremely high stress,Below Average
2024-12-15 05:54:45.0000000,Third year,Male,Sometimes (3-4 times a week),4-5 hours,Rarely (1-2 times a week),Poor,Often,Sometimes,Rarely (1-2 times a month),Moderate impact,Sometimes (3-4 times a week),Often (5-6 times a week),Sometimes (3-4 times a week),Low stress,Below Average
2024-12-15 05:54:46.0000000,Graduate student,Female,Every night,7-8 hours,Often (5-6 times a week),Very good,Often,Often,Always,Major impact,Often (5-6 times a week),Every day,Often (5-6 times a week),Extremely high stress,Average
2024-12-15 05:55:03.0000000,Graduate student,Female,Every night,More than 8 hours,Every night,Very good,Often,Always,Often (3-4 times a week),Severe impact,Every night,Every day,Every day,Extremely high stress,Poor
2024-12-15 05:55:11.0000000,Second year,Female,Sometimes (3-4 times a week),7-8 hours,Sometimes (3-4 times a week),Average,Sometimes,Rarely,Sometimes (1-2 times a week),Major impact,Often (5-6 times a week),Often (5-6 times a week),Every day,Extremely high stress,Below Average
2024-12-15 05:55:21.0000000,Third year,Male,Often (5-6 times a week),6-7 hours,Often (5-6 times a week),Good,Often,Sometimes,Often (3-4 times a week),Severe impact,Every night,Every day,Every day,Extremely high stress,Poor
2024-12-15 05:55:32.0000000,Second year,Male,Sometimes (3-4 times a week),6-7 hours,Rarely (1-2 times a week),Very poor,Never,Sometimes,Rarely (1-2 times a month),Moderate impact,Rarely (1-2 times a week),Sometimes (3-4 times a week),Never,High stress,Below Average
2024-12-15 05:55:41.0000000,Graduate student,Female,Often (5-6 times a week),7-8 hours,Often (5-6 times a week),Very good,Always,Always,Always,Major impact,Often (5-6 times a week),Often (5-6 times a week),Every day,Extremely high stress,Below Average
2024-12-15 05:55:47.0000000,Third year,Male,Sometimes (3-4 times a week),6-7 hours,Never,Poor,Sometimes,Sometimes,Rarely (1-2 times a month),Moderate impact,Sometimes (3-4 times a week),Sometimes (3-4 times a week),Sometimes (3-4 times a week),Low stress,Good
2024-12-15 05:55:57.0000000,Graduate student,Male,Often (5-6 times a week),More than 8 hours,Often (5-6 times a week),Very good,Always,Always,Always,Major impact,Every night,Often (5-6 times a week),Every day,Extremely high stress,Below Average
2024-12-15 05:56:01.0000000,Second year,Female,Sometimes (3-4 times a week),7-8 hours,Rarely (1-2 times a week),Poor,Never,Never,Often (3-4 times a week),Moderate impact,Rarely (1-2 times a week),Rarely (1-2 times a week),Sometimes (3-4 times a week),High stress,Average
2024-12-15 05:56:12.0000000,Graduate student,Male,Every night,7-8 hours,Often (5-6 times a week),Very good,Always,Always,Often (3-4 times a week),Severe impact,Every night,Every day,Every day,Extremely high stress,Average
2024-12-15 05:56:27.0000000,Second year,Male,Never,6-7 hours,Rarely (1-2 times a week),Good,Always,Never,Sometimes (1-2 times a week),Moderate impact,Sometimes (3-4 times a week),Never,Rarely (1-2 times a week),Low stress,Poor
2024-12-15 05:56:28.0000000,Second year,Female,Often (5-6 times a week),7-8 hours,Never,Very poor,Never,Never,Never,No impact,Never,Never,Never,No stress,Good
2024-12-15 05:56:31.0000000,Second year,Female,Every night,More than 8 hours,Every night,Very good,Sometimes,Always,Always,Severe impact,Often (5-6 times a week),Every day,Every day,Extremely high stress,Poor
2024-12-15 05:56:47.0000000,Second year,Female,Sometimes (3-4 times a week),4-5 hours,Never,Very poor,Sometimes,Rarely,Rarely (1-2 times a month),Minor impact,Every night,Never,Sometimes (3-4 times a week),Extremely high stress,Poor
2024-12-15 05:56:49.0000000,Third year,Female,Every night,7-8 hours,Sometimes (3-4 times a week),Very good,Rarely,Always,Always,Severe impact,Often (5-6 times a week),Every day,Every day,Extremely high stress,Below Average
2024-12-15 05:56:50.0000000,Second year,Male,Every night,7-8 hours,Often (5-6 times a week),Very good,Always,Always,Often (3-4 times a week),Major impact,Every night,Rarely (1-2 times a week),Never,High stress,Average
2024-12-15 05:57:08.0000000,Graduate student,Female,Sometimes (3-4 times a week),7-8 hours,Every night,Very good,Sometimes,Sometimes,Sometimes (1-2 times a week),Severe impact,Often (5-6 times a week),Every day,Often (5-6 times a week),Extremely high stress,Below Average
2024-12-15 05:57:09.0000000,Graduate student,Female,Never,Less than 4 hours,Often (5-6 times a week),Good,Sometimes,Never,Never,Minor impact,Sometimes (3-4 times a week),Sometimes (3-4 times a week),Sometimes (3-4 times a week),Low stress,Good
2024-12-15 05:57:17.0000000,First year,Female,Sometimes (3-4 times a week),Less than 4 hours,Never,Poor,Never,Rarely,Always,Moderate impact,Never,Sometimes (3-4 times a week),Sometimes (3-4 times a week),High stress,Average
2024-12-15 05:57:26.0000000,Graduate student,Female,Often (5-6 times a week),7-8 hours,Often (5-6 times a week),Good,Often,Often,Often (3-4 times a week),Severe impact,Every night,Every day,Sometimes (3-4 times a week),Extremely high stress,Poor
2024-12-15 05:57:30.0000000,Graduate student,Female,Sometimes (3-4 times a week),More than 8 hours,Sometimes (3-4 times a week),Average,Sometimes,Rarely,Often (3-4 times a week),Moderate impact,Sometimes (3-4 times a week),Every day,Often (5-6 times a week),High stress,Average
2024-12-15 05:57:42.0000000,Third year,Female,Every night,7-8 hours,Every night,Very good,Always,Often,Often (3-4 times a week),Major impact,Every night,Often (5-6 times a week),Every day,High stress,Poor
2024-12-15 05:57:46.0000000,Second year,Female,Sometimes (3-4 times a week),Less than 4 hours,Rarely (1-2 times a week),Poor,Rarely,Rarely,Rarely (1-2 times a month),Moderate impact,Never,Rarely (1-2 times a week),Never,Low stress,Average
2024-12-15 05:57:49.0000000,Third year,Female,Sometimes (3-4 times a week),4-5 hours,Never,Poor,Rarely,Never,Never,Moderate impact,Rarely (1-2 times a week),Sometimes (3-4 times a week),Sometimes (3-4 times a week),Extremely high stress,Poor
2024-12-15 05:57:59.0000000,Third year,Male,Often (5-6 times a week),7-8 hours,Often (5-6 times a week),Good,Often,Often,Often (3-4 times a week),Major impact,Sometimes (3-4 times a week),Every day,Every day,Extremely high stress,Below Average
2024-12-15 05:58:08.0000000,Third year,Female,Often (5-6 times a week),4-5 hours,Never,Poor,Never,Rarely,Sometimes (1-2 times a week),Minor impact,Sometimes (3-4 times a week),Sometimes (3-4 times a week),Often (5-6 times a week),Low stress,Average
2024-12-15 05:58:14.0000000,Third year,Male,Often (5-6 times a week),7-8 hours,Often (5-6 times a week),Good,Often,Often,Always,Severe impact,Every night,Often (5-6 times a week),Every day,Extremely high stress,Average
2024-12-15 05:58:24.0000000,Third year,Male,Sometimes (3-4 times a week),6-7 hours,Rarely (1-2 times a week),Average,Rarely,Sometimes,Rarely (1-2 times a month),No impact,Rarely (1-2 times a week),Rarely (1-2 times a week),Often (5-6 times a week),Extremely high stress,Below Average
2024-12-15 05:58:36.0000000,Third year,Female,Often (5-6 times a week),More than 8 hours,Often (5-6 times a week),Good,Often,Often,Always,Severe impact,Often (5-6 times a week),Every day,Every day,High stress,Below Average
2024-12-15 05:58:44.0000000,Second year,Female,Often (5-6 times a week),More than 8 hours,Sometimes (3-4 times a week),Poor,Rarely,Never,Rarely (1-2 times a month),No impact,Sometimes (3-4 times a week),Rarely (1-2 times a week),Sometimes (3-4 times a week),High stress,Average
2024-12-15 05:59:00.0000000,Third year,Male,Often (5-6 times a week),More than 8 hours,Every night,Very good,Always,Always,Often (3-4 times a week),Severe impact,Every night,Often (5-6 times a week),Every day,Extremely high stress,Below Average
2024-12-15 05:59:07.0000000,Third year,Male,Often (5-6 times a week),More than 8 hours,Sometimes (3-4 times a week),Poor,Never,Never,Never,Minor impact,Never,Often (5-6 times a week),Often (5-6 times a week),Extremely high stress,Below Average
2024-12-15 05:59:18.0000000,Graduate student,Male,Often (5-6 times a week),7-8 hours,Often (5-6 times a week),Good,Often,Often,Always,Severe impact,Often (5-6 times a week),Every day,Every day,Extremely high stress,Average
2024-12-15 05:59:25.0000000,Third year,Female,Sometimes (3-4 times a week),6-7 hours,Rarely (1-2 times a week),Poor,Never,Never,Sometimes (1-2 times a week),Minor impact,Sometimes (3-4 times a week),Rarely (1-2 times a week),Rarely (1-2 times a week),High stress,Average
2024-12-15 05:59:41.0000000,Third year,Female,Often (5-6 times a week),7-8 hours,Rarely (1-2 times a week),Good,Sometimes,Rarely,Sometimes (1-2 times a week),Moderate impact,Rarely (1-2 times a week),Rarely (1-2 times a week),Never,No stress,Excellent
2024-12-15 05:59:44.0000000,Third year,Male,Sometimes (3-4 times a week),7-8 hours,Often (5-6 times a week),Good,Often,Always,Always,Major impact,Often (5-6 times a week),Often (5-6 times a week),Often (5-6 times a week),Extremely high stress,Poor
2024-12-15 06:00:01.0000000,Graduate student,Male,Every night,7-8 hours,Often (5-6 times a week),Good,Often,Often,Often (3-4 times a week),Major impact,Every night,Every day,Often (5-6 times a week),Extremely high stress,Poor
2024-12-15 06:00:06.0000000,Second year,Female,Often (5-6 times a week),4-5 hours,Rarely (1-2 times a week),Very poor,Sometimes,Never,Rarely (1-2 times a month),Minor impact,Rarely (1-2 times a week),Often (5-6 times a week),Sometimes (3-4 times a week),High stress,Good
2024-12-15 06:00:17.0000000,Graduate student,Female,Often (5-6 times a week),6-7 hours,Every night,Good,Often,Often,Sometimes (1-2 times a week),Moderate impact,Every night,Often (5-6 times a week),Every day,Extremely high stress,Below Average
2024-12-15 06:00:21.0000000,Third year,Male,Rarely (1-2 times a week),More than 8 hours,Often (5-6 times a week),Very good,Often,Sometimes,Sometimes (1-2 times a week),Minor impact,Never,Rarely (1-2 times a week),Sometimes (3-4 times a week),Extremely high stress,Poor
2024-12-15 06:00:34.0000000,Third year,Male,Every night,7-8 hours,Often (5-6 times a week),Very good,Always,Always,Always,Major impact,Every night,Every day,Often (5-6 times a week),High stress,Below Average
2024-12-15 06:00:48.0000000,Second year,Male,Rarely (1-2 times a week),6-7 hours,Never,Good,Sometimes,Sometimes,Rarely (1-2 times a month),Moderate impact,Rarely (1-2 times a week),Sometimes (3-4 times a week),Sometimes (3-4 times a week),Low stress,Average
2024-12-15 06:00:56.0000000,Graduate student,Male,Every night,7-8 hours,Every night,Very good,Sometimes,Often,Always,Severe impact,Every night,Often (5-6 times a week),Every day,Extremely high stress,Below Average
2024-12-15 06:01:10.0000000,Third year,Female,Sometimes (3-4 times a week),4-5 hours,Never,Very poor,Never,Rarely,Never,Moderate impact,Sometimes (3-4 times a week),Rarely (1-2 times a week),Rarely (1-2 times a week),High stress,Average
2024-12-15 06:01:11.0000000,Third year,Female,Every night,7-8 hours,Every night,Very good,Often,Always,Often (3-4 times a week),Major impact,Every night,Every day,Often (5-6 times a week),Extremely high stress,Poor
2024-12-15 06:01:27.0000000,Third year,Male,Often (5-6 times a week),7-8 hours,Every night,Good,Always,Often,Often (3-4 times a week),Major impact,Every night,Often (5-6 times a week),Often (5-6 times a week),High stress,Average
2024-12-15 06:01:28.0000000,Graduate student,Female,Sometimes (3-4 times a week),4-5 hours,Rarely (1-2 times a week),Average,Sometimes,Sometimes,Rarely (1-2 times a month),Major impact,Often (5-6 times a week),Rarely (1-2 times a week),Sometimes (3-4 times a week),High stress,Good
2024-12-15 06:01:29.0000000,First year,Male,Sometimes (3-4 times a week),Less than 4 hours,Rarely (1-2 times a week),Good,Often,Never,Never,No impact,Never,Rarely (1-2 times a week),Every day,High stress,Below Average
2024-12-15 06:01:49.0000000,Graduate student,Female,Rarely (1-2 times a week),6-7 hours,Never,Poor,Sometimes,Rarely,Rarely (1-2 times a month),No impact,Never,Rarely (1-2 times a week),Sometimes (3-4 times a week),Extremely high stress,Good
2024-12-15 06:01:53.0000000,First year,Male,Rarely (1-2 times a week),6-7 hours,Sometimes (3-4 times a week),Very good,Never,Never,Rarely (1-2 times a month),Severe impact,Never,Never,Sometimes (3-4 times a week),High stress,Excellent
2024-12-15 06:01:55.0000000,Third year,Female,Sometimes (3-4 times a week),Less than 4 hours,Every night,Good,Always,Always,Always,Major impact,Often (5-6 times a week),Often (5-6 times a week),Often (5-6 times a week),Extremely high stress,Poor
2024-12-15 06:02:13.0000000,Graduate student,Female,Often (5-6 times a week),More than 8 hours,Sometimes (3-4 times a week),Very poor,Never,Never,Rarely (1-2 times a month),Moderate impact,Never,Sometimes (3-4 times a week),Rarely (1-2 times a week),Extremely high stress,Below Average
2024-12-15 06:02:14.0000000,Graduate student,Male,Every night,More than 8 hours,Every night,Very good,Often,Often,Often (3-4 times a week),Severe impact,Often (5-6 times a week),Often (5-6 times a week),Every day,Extremely high stress,Below Average
2024-12-15 06:02:29.0000000,Graduate student,Female,Rarely (1-2 times a week),Less than 4 hours,Never,Poor,Never,Never,Rarely (1-2 times a month),No impact,Never,Rarely (1-2 times a week),Rarely (1-2 times a week),No stress,Excellent
2024-12-15 06:02:30.0000000,Third year,Male,Often (5-6 times a week),More than 8 hours,Often (5-6 times a week),Very good,Always,Often,Often (3-4 times a week),Major impact,Often (5-6 times a week),Often (5-6 times a week),Often (5-6 times a week),High stress,Below Average
2024-12-15 06:02:47.0000000,Graduate student,Female,Never,4-5 hours,Sometimes (3-4 times a week),Very good,Often,Sometimes,Sometimes (1-2 times a week),Minor impact,Rarely (1-2 times a week),Never,Never,High stress,Below Average
2024-12-15 06:02:47.0000000,Graduate student,Male,Often (5-6 times a week),More than 8 hours,Often (5-6 times a week),Very good,Always,Often,Always,Major impact,Often (5-6 times a week),Every day,Often (5-6 times a week),Extremely high stress,Below Average
2024-12-15 06:03:07.0000000,Graduate student,Female,Sometimes (3-4 times a week),4-5 hours,Sometimes (3-4 times a week),Average,Sometimes,Often,Rarely (1-2 times a month),Moderate impact,Sometimes (3-4 times a week),Sometimes (3-4 times a week),Rarely (1-2 times a week),Extremely high stress,Below Average
2024-12-15 06:03:11.0000000,Third year,Male,Often (5-6 times a week),More than 8 hours,Often (5-6 times a week),Average,Often,Always,Often (3-4 times a week),Moderate impact,Every night,Often (5-6 times a week),Every day,High stress,Poor
2024-12-15 06:03:23.0000000,Third year,Female,Often (5-6 times a week),7-8 hours,Sometimes (3-4 times a week),Good,Often,Sometimes,Rarely (1-2 times a month),Major impact,Rarely (1-2 times a week),Rarely (1-2 times a week),Sometimes (3-4 times a week),High stress,Good
2024-12-15 06:03:31.0000000,Second year,Male,Rarely (1-2 times a week),More than 8 hours,Every night,Good,Always,Often,Always,Major impact,Every night,Often (5-6 times a week),Often (5-6 times a week),Extremely high stress,Poor
2024-12-15 06:03:40.0000000,Second year,Female,Often (5-6 times a week),7-8 hours,Sometimes (3-4 times a week),Good,Rarely,Never,Sometimes (1-2 times a week),Minor impact,Rarely (1-2 times a week),Sometimes (3-4 times a week),Sometimes (3-4 times a week),Low stress,Below Average
2024-12-15 06:03:43.0000000,Second year,Male,Sometimes (3-4 times a week),6-7 hours,Sometimes (3-4 times a week),Good,Rarely,Rarely,Often (3-4 times a week),Severe impact,Every night,Often (5-6 times a week),Sometimes (3-4 times a week),Low stress,Excellent
2024-12-15 06:03:47.0000000,Graduate student,Female,Sometimes (3-4 times a week),More than 8 hours,Every night,Very good,Sometimes,Often,Often (3-4 times a week),Major impact,Sometimes (3-4 times a week),Often (5-6 times a week),Often (5-6 times a week),High stress,Below Average
2024-12-15 06:04:04.0000000,Graduate student,Male,Every night,7-8 hours,Often (5-6 times a week),Very good,Often,Often,Often (3-4 times a week),Severe impact,Every night,Often (5-6 times a week),Every day,Extremely high stress,Below Average
2024-12-15 06:04:15.0000000,Second year,Male,Never,4-5 hours,Never,Poor,Never,Never,Never,Minor impact,Rarely (1-2 times a week),Never,Often (5-6 times a week),Extremely high stress,Good
2024-12-15 06:04:16.0000000,Graduate student,Female,Often (5-6 times a week),4-5 hours,Rarely (1-2 times a week),Poor,Sometimes,Never,Never,No impact,Never,Rarely (1-2 times a week),Rarely (1-2 times a week),No stress,Good
2024-12-15 06:04:23.0000000,Graduate student,Male,Every night,More than 8 hours,Every night,Very good,Always,Always,Always,Major impact,Every night,Often (5-6 times a week),Every day,Extremely high stress,Poor
2024-12-15 06:04:40.0000000,Second year,Female,Often (5-6 times a week),4-5 hours,Never,Very poor,Rarely,Never,Sometimes (1-2 times a week),No impact,Rarely (1-2 times a week),Sometimes (3-4 times a week),Rarely (1-2 times a week),High stress,Poor
2024-12-15 06:04:49.0000000,Graduate student,Male,Often (5-6 times a week),More than 8 hours,Every night,Very good,Often,Always,Always,Major impact,Often (5-6 times a week),Sometimes (3-4 times a week),Every day,Extremely high stress,Average
2024-12-15 06:04:57.0000000,Third year,Female,Sometimes (3-4 times a week),4-5 hours,Rarely (1-2 times a week),Poor,Rarely,Never,Rarely (1-2 times a month),Minor impact,Sometimes (3-4 times a week),Rarely (1-2 times a week),Sometimes (3-4 times a week),Low stress,Excellent
2024-12-15 06:05:27.0000000,Second year,Female,Rarely (1-2 times a week),4-5 hours,Rarely (1-2 times a week),Very poor,Sometimes,Never,Never,Minor impact,Never,Rarely (1-2 times a week),Often (5-6 times a week),Extremely high stress,Average
2024-12-15 06:05:29.0000000,Third year,Female,Often (5-6 times a week),7-8 hours,Rarely (1-2 times a week),Good,Always,Always,Always,Severe impact,Often (5-6 times a week),Often (5-6 times a week),Every day,Extremely high stress,Below Average
2024-12-15 06:05:47.0000000,Third year,Female,Every night,More than 8 hours,Every night,Very good,Sometimes,Often,Often (3-4 times a week),Severe impact,Every night,Often (5-6 times a week),Every day,Extremely high stress,Poor
2024-12-15 06:05:48.0000000,Second year,Female,Sometimes (3-4 times a week),More than 8 hours,Often (5-6 times a week),Average,Never,Never,Rarely (1-2 times a month),Minor impact,Rarely (1-2 times a week),Often (5-6 times a week),Every day,Low stress,Average
2024-12-15 06:06:05.0000000,Third year,Female,Every night,More than 8 hours,Often (5-6 times a week),Very good,Often,Often,Often (3-4 times a week),Moderate impact,Often (5-6 times a week),Every day,Every day,Extremely high stress,Poor
2024-12-15 06:06:05.0000000,Third year,Female,Rarely (1-2 times a week),6-7 hours,Sometimes (3-4 times a week),Average,Rarely,Sometimes,Rarely (1-2 times a month),No impact,Sometimes (3-4 times a week),Often (5-6 times a week),Often (5-6 times a week),Extremely high stress,Below Average
2024-12-15 06:06:21.0000000,Second year,Male,Every night,7-8 hours,Sometimes (3-4 times a week),Average,Always,Always,Always,Major impact,Often (5-6 times a week),Every day,Every day,Extremely high stress,Below Average
2024-12-15 06:06:26.0000000,Second year,Male,Often (5-6 times a week),6-7 hours,Rarely (1-2 times a week),Very poor,Never,Rarely,Sometimes (1-2 times a week),Moderate impact,Rarely (1-2 times a week),Never,Sometimes (3-4 times a week),Low stress,Below Average
2024-12-15 06:06:36.0000000,Third year,Male,Every night,7-8 hours,Often (5-6 times a week),Very good,Often,Sometimes,Often (3-4 times a week),Severe impact,Every night,Often (5-6 times a week),Every day,Extremely high stress,Poor
2024-12-15 06:06:45.0000000,Third year,Female,Often (5-6 times a week),7-8 hours,Sometimes (3-4 times a week),Average,Rarely,Sometimes,Often (3-4 times a week),Minor impact,Often (5-6 times a week),Rarely (1-2 times a week),Sometimes (3-4 times a week),Extremely high stress,Below Average
2024-12-15 06:06:53.0000000,Third year,Female,Every night,7-8 hours,Often (5-6 times a week),Good,Often,Always,Often (3-4 times a week),Major impact,Often (5-6 times a week),Often (5-6 times a week),Often (5-6 times a week),High stress,Below Average
2024-12-15 06:07:07.0000000,Second year,Female,Sometimes (3-4 times a week),6-7 hours,Often (5-6 times a week),Average,Sometimes,Rarely,Sometimes (1-2 times a week),Moderate impact,Often (5-6 times a week),Rarely (1-2 times a week),Sometimes (3-4 times a week),High stress,Average
2024-12-15 06:07:12.0000000,Graduate student,Female,Often (5-6 times a week),7-8 hours,Every night,Very good,Often,Sometimes,Often (3-4 times a week),Major impact,Every night,Often (5-6 times a week),Often (5-6 times a week),Extremely high stress,Below Average
2024-12-15 06:07:26.0000000,Second year,Female,Often (5-6 times a week),6-7 hours,Rarely (1-2 times a week),Good,Sometimes,Sometimes,Sometimes (1-2 times a week),Moderate impact,Sometimes (3-4 times a week),Sometimes (3-4 times a week),Sometimes (3-4 times a week),High stress,Average
2024-12-15 06:07:30.0000000,Third year,Female,Every night,More than 8 hours,Often (5-6 times a week),Very good,Sometimes,Often,Often (3-4 times a week),Severe impact,Often (5-6 times a week),Every day,Often (5-6 times a week),High stress,Poor
2024-12-15 06:07:48.0000000,Second year,Male,Often (5-6 times a week),4-5 hours,Never,Very poor,Rarely,Rarely,Rarely (1-2 times a month),No impact,Never,Rarely (1-2 times a week),Sometimes (3-4 times a week),Extremely high stress,Below Average
2024-12-15 06:08:02.0000000,Graduate student,Female,Often (5-6 times a week),More than 8 hours,Every night,Very good,Often,Always,Sometimes (1-2 times a week),Severe impact,Every night,Every day,Often (5-6 times a week),Extremely high stress,Average
2024-12-15 06:08:09.0000000,Graduate student,Female,Rarely (1-2 times a week),6-7 hours,Sometimes (3-4 times a week),Average,Rarely,Rarely,Sometimes (1-2 times a week),Major impact,Often (5-6 times a week),Never,Rarely (1-2 times a week),Low stress,Good
2024-12-15 06:08:30.0000000,Third year,Female,Never,More than 8 hours,Sometimes (3-4 times a week),Average,Rarely,Rarely,Rarely (1-2 times a month),No impact,Never,Often (5-6 times a week),Rarely (1-2 times a week),High stress,Average
2024-12-15 06:08:31.0000000,Third year,Male,Sometimes (3-4 times a week),Less than 4 hours,Never,Average,Never,Rarely,Often (3-4 times a week),Major impact,Sometimes (3-4 times a week),Rarely (1-2 times a week),Every day,Extremely high stress,Excellent
2024-12-15 11:49:05.0000000,Third year,Female,Often (5-6 times a week),More than 8 hours,Often (5-6 times a week),Good,Rarely,Sometimes,Always,Major impact,Sometimes (3-4 times a week),Sometimes (3-4 times a week),Every day,Extremely high stress,Good
